"id","process","transferred_sequence","principal","transaction_principal","transaction_fee","create_datetime","update_datetime","status","transferred_datetime","transfer_principal","fund_statement_transferee_id","fund_statement_transferor_id","investment_transferee_id","investment_transferor_id","loan_application_id","transfer_bond_process_unsecured_id","name"
2,양도,8,35093092,0,0,2019-07-26 14:57:49,2019-07-26 16:29:22,양수도완료,2019-07-26 16:29:32,35093092,,,80312,78863,103126,1,주식회사 남만
4,양도,8,24733459,0,0,2019-07-26 14:57:49,2019-07-26 16:29:23,양수도완료,2019-07-26 16:29:32,24733459,,,80314,78860,103431,1,주식회사 남만
6,양도,8,10893866,0,0,2019-07-26 14:57:49,2019-07-26 16:29:23,양수도완료,2019-07-26 16:29:32,10893866,,,80316,78857,103469,1,주식회사 남만
8,양도,8,43979564,0,0,2019-07-26 14:57:49,2019-07-26 16:29:24,양수도완료,2019-07-26 16:29:32,43979564,,,80318,78855,103501,1,주식회사 남만
10,양도,8,45455918,0,0,2019-07-26 14:57:49,2019-07-26 16:29:25,양수도완료,2019-07-26 16:29:32,45455918,,,80320,78849,103570,1,주식회사 남만
12,양도,8,36416973,0,0,2019-07-26 14:57:49,2019-07-26 16:29:26,양수도완료,2019-07-26 16:29:32,36416973,,,80322,78847,103587,1,주식회사 남만
14,양도,8,27312734,0,0,2019-07-26 14:57:49,2019-07-26 16:29:27,양수도완료,2019-07-26 16:29:32,27312734,,,80324,78844,103645,1,주식회사 남만
16,양도,8,36312880,0,0,2019-07-26 14:57:49,2019-07-26 16:29:28,양수도완료,2019-07-26 16:29:32,36312880,,,80326,78839,103789,1,주식회사 남만
18,양도,8,27273555,0,0,2019-07-26 14:57:49,2019-07-26 16:29:28,양수도완료,2019-07-26 16:29:32,27273555,,,80328,78837,103802,1,주식회사 남만
20,양도,8,9118046,0,0,2019-07-26 14:57:49,2019-07-26 16:29:30,양수도완료,2019-07-26 16:29:32,9118046,,,80330,78832,103844,1,주식회사 남만
22,양도,8,45455918,0,0,2019-07-26 14:57:49,2019-07-26 16:29:31,양수도완료,2019-07-26 16:29:32,45455918,,,80332,78829,103870,1,주식회사 남만
24,양도,8,9677929,0,0,2019-07-26 14:57:49,2019-07-26 16:29:32,양수도완료,2019-07-26 16:29:32,9677929,,,80334,78826,103941,1,주식회사 남만
45,양도,8,8735834,0,0,2019-07-26 15:34:23,2019-07-26 16:30:06,양수도완료,2019-07-26 16:30:17,8735834,,,80336,78909,103329,3,주식회사 남만
47,양도,8,14549094,0,0,2019-07-26 15:34:23,2019-07-26 16:30:07,양수도완료,2019-07-26 16:30:17,14549094,,,80338,78908,103936,3,주식회사 남만
49,양도,8,5146431,0,0,2019-07-26 15:34:23,2019-07-26 16:30:08,양수도완료,2019-07-26 16:30:17,5146431,,,80340,78901,104060,3,주식회사 남만
51,양도,8,7242155,0,0,2019-07-26 15:34:23,2019-07-26 16:30:08,양수도완료,2019-07-26 16:30:17,7242155,,,80342,78899,104080,3,주식회사 남만
53,양도,8,27312734,0,0,2019-07-26 15:34:23,2019-07-26 16:30:09,양수도완료,2019-07-26 16:30:17,27312734,,,80344,78897,104113,3,주식회사 남만
55,양도,8,7302365,0,0,2019-07-26 15:34:23,2019-07-26 16:30:10,양수도완료,2019-07-26 16:30:17,7302365,,,80346,78895,104158,3,주식회사 남만
57,양도,8,17524148,0,0,2019-07-26 15:34:23,2019-07-26 16:30:10,양수도완료,2019-07-26 16:30:17,17524148,,,80348,78891,104221,3,주식회사 남만
59,양도,8,43866361,0,0,2019-07-26 15:34:23,2019-07-26 16:30:11,양수도완료,2019-07-26 16:30:17,43866361,,,80350,78889,104235,3,주식회사 남만
61,양도,8,5079326,0,0,2019-07-26 15:34:23,2019-07-26 16:30:12,양수도완료,2019-07-26 16:30:17,5079326,,,80352,78886,104262,3,주식회사 남만
63,양도,8,15931159,0,0,2019-07-26 15:34:23,2019-07-26 16:30:13,양수도완료,2019-07-26 16:30:17,15931159,,,80354,78882,104312,3,주식회사 남만
65,양도,8,21768533,0,0,2019-07-26 15:34:23,2019-07-26 16:30:13,양수도완료,2019-07-26 16:30:17,21768533,,,80356,78879,104364,3,주식회사 남만
67,양도,8,16569547,0,0,2019-07-26 15:34:23,2019-07-26 16:30:14,양수도완료,2019-07-26 16:30:17,16569547,,,80358,78876,104459,3,주식회사 남만
69,양도,8,32115207,0,0,2019-07-26 15:34:23,2019-07-26 16:30:15,양수도완료,2019-07-26 16:30:17,32115207,,,80360,78874,104474,3,주식회사 남만
71,양도,8,22760607,0,0,2019-07-26 15:34:23,2019-07-26 16:30:16,양수도완료,2019-07-26 16:30:17,22760607,,,80362,78872,104518,3,주식회사 남만
73,양도,8,859006,0,0,2019-07-26 15:34:23,2019-07-26 16:30:17,양수도완료,2019-07-26 16:30:17,859006,,,80364,78867,104561,3,주식회사 남만
75,양도,8,21316760,0,0,2019-07-26 15:34:23,2019-07-26 16:30:17,양수도완료,2019-07-26 16:30:17,21316760,,,80366,78865,104596,3,주식회사 남만
281,양도,9,20435450,0,0,2019-08-02 16:36:26,2019-08-02 17:58:25,양수도완료,2019-08-02 17:58:56,20435450,,,80646,78780,102072,20,주식회사 남만
283,양도,9,40060053,0,0,2019-08-02 16:36:26,2019-08-02 17:58:43,양수도완료,2019-08-02 17:58:56,40060053,,,80674,78777,102094,20,주식회사 남만
285,양도,9,44973171,0,0,2019-08-02 16:36:26,2019-08-02 17:58:44,양수도완료,2019-08-02 17:58:56,44973171,,,80676,78770,102180,20,주식회사 남만
287,양도,9,44354857,0,0,2019-08-02 16:36:26,2019-08-02 17:58:46,양수도완료,2019-08-02 17:58:56,44354857,,,80678,78768,102248,20,주식회사 남만
289,양도,9,44758431,0,0,2019-08-02 16:36:26,2019-08-02 17:58:47,양수도완료,2019-08-02 17:58:56,44758431,,,80680,78765,102260,20,주식회사 남만
291,양도,10,9743119,0,0,2019-08-02 16:36:26,2019-08-02 17:58:49,양수도완료,2019-08-02 17:58:56,9743119,,,80682,78763,102271,20,주식회사 남만
293,양도,9,12128377,0,0,2019-08-02 16:36:26,2019-08-02 17:58:50,양수도완료,2019-08-02 17:58:56,12128377,,,80684,78760,102299,20,주식회사 남만
295,양도,10,15551804,0,0,2019-08-02 16:36:26,2019-08-02 17:58:51,양수도완료,2019-08-02 17:58:56,15551804,,,80686,78756,102333,20,주식회사 남만
297,양도,9,16038596,0,0,2019-08-02 16:36:26,2019-08-02 17:58:52,양수도완료,2019-08-02 17:58:56,16038596,,,80688,78753,102357,20,주식회사 남만
299,양도,9,19957978,0,0,2019-08-02 16:36:26,2019-08-02 17:58:53,양수도완료,2019-08-02 17:58:56,19957978,,,80690,78748,102412,20,주식회사 남만
301,양도,9,39755773,0,0,2019-08-02 16:36:26,2019-08-02 17:58:54,양수도완료,2019-08-02 17:58:56,39755773,,,80692,78746,102423,20,주식회사 남만
303,양도,9,43208732,0,0,2019-08-02 16:36:26,2019-08-02 17:58:55,양수도완료,2019-08-02 17:58:56,43208732,,,80694,78743,102512,20,주식회사 남만
305,양도,7,11420453,0,0,2019-08-02 16:39:37,2019-08-02 16:39:37,대기시간초과,,11420453,,,,78999,105732,21,주식회사 남만
307,양도,7,515290,0,0,2019-08-02 16:39:37,2019-08-02 16:39:37,대기시간초과,,515290,,,,79003,105756,21,주식회사 남만
309,양도,7,43487487,0,0,2019-08-02 16:39:37,2019-08-02 16:39:37,대기시간초과,,43487487,,,,78995,105825,21,주식회사 남만
311,양도,7,30750653,0,0,2019-08-02 16:39:37,2019-08-02 16:39:37,대기시간초과,,30750653,,,,79002,105878,21,주식회사 남만
313,양도,7,2551811,0,0,2019-08-02 16:39:37,2019-08-02 16:39:37,대기시간초과,,2551811,,,,79000,105890,21,주식회사 남만
315,양도,7,38428321,0,0,2019-08-02 16:39:37,2019-08-02 16:39:37,대기시간초과,,38428321,,,,79007,105939,21,주식회사 남만
317,양도,7,23089682,0,0,2019-08-02 16:39:37,2019-08-02 16:39:37,대기시간초과,,23089682,,,,79013,105967,21,주식회사 남만
319,양도,7,46122684,0,0,2019-08-02 16:39:37,2019-08-02 16:39:37,대기시간초과,,46122684,,,,79012,105989,21,주식회사 남만
321,양도,7,5111071,0,0,2019-08-02 16:39:37,2019-08-02 16:39:37,대기시간초과,,5111071,,,,79010,106045,21,주식회사 남만
323,양도,7,28819512,0,0,2019-08-02 16:39:37,2019-08-02 16:39:37,대기시간초과,,28819512,,,,79016,106088,21,주식회사 남만
325,양도,7,41510416,0,0,2019-08-02 16:39:37,2019-08-02 16:39:37,대기시간초과,,41510416,,,,79022,106170,21,주식회사 남만
327,양도,7,21318171,0,0,2019-08-02 16:39:37,2019-08-02 16:39:37,대기시간초과,,21318171,,,,79024,106181,21,주식회사 남만
329,양도,7,20229865,0,0,2019-08-02 16:39:37,2019-08-02 16:39:37,대기시간초과,,20229865,,,,79028,106207,21,주식회사 남만
331,양도,7,3824998,0,0,2019-08-02 16:39:37,2019-08-02 16:39:37,대기시간초과,,3824998,,,,79030,106292,21,주식회사 남만
333,양도,7,11420453,0,0,2019-08-02 16:40:14,2019-08-02 16:40:14,대기시간초과,,11420453,,,,78999,105732,22,주식회사 남만
1,양도,8,7307518,0,0,2019-07-26 14:57:49,2019-07-26 16:29:22,양수도완료,2019-07-26 16:29:32,7307518,,,80311,78864,103118,1,주식회사 남만
3,양도,8,2127641,0,0,2019-07-26 14:57:49,2019-07-26 16:29:23,양수도완료,2019-07-26 16:29:32,2127641,,,80313,78862,103187,1,주식회사 남만
5,양도,8,8396124,0,0,2019-07-26 14:57:49,2019-07-26 16:29:23,양수도완료,2019-07-26 16:29:32,8396124,,,80315,78859,103444,1,주식회사 남만
7,양도,8,36536821,0,0,2019-07-26 14:57:49,2019-07-26 16:29:23,양수도완료,2019-07-26 16:29:32,36536821,,,80317,78856,103471,1,주식회사 남만
9,양도,8,5093670,0,0,2019-07-26 14:57:49,2019-07-26 16:29:25,양수도완료,2019-07-26 16:29:32,5093670,,,80319,78850,103556,1,주식회사 남만
11,양도,8,27206047,0,0,2019-07-26 14:57:49,2019-07-26 16:29:25,양수도완료,2019-07-26 16:29:32,27206047,,,80321,78848,103581,1,주식회사 남만
13,양도,8,17690150,0,0,2019-07-26 14:57:49,2019-07-26 16:29:27,양수도완료,2019-07-26 16:29:32,17690150,,,80323,78846,103619,1,주식회사 남만
15,양도,9,8237310,0,0,2019-07-26 14:57:49,2019-07-26 16:29:28,양수도완료,2019-07-26 16:29:32,8237310,,,80325,78843,103725,1,주식회사 남만
17,양도,8,2184630,0,0,2019-07-26 14:57:49,2019-07-26 16:29:28,양수도완료,2019-07-26 16:29:32,2184630,,,80327,78838,103800,1,주식회사 남만
19,양도,8,45156271,0,0,2019-07-26 14:57:49,2019-07-26 16:29:29,양수도완료,2019-07-26 16:29:32,45156271,,,80329,78836,103805,1,주식회사 남만
21,양도,8,45484292,0,0,2019-07-26 14:57:49,2019-07-26 16:29:30,양수도완료,2019-07-26 16:29:32,45484292,,,80331,78831,103855,1,주식회사 남만
23,양도,8,8212388,0,0,2019-07-26 14:57:49,2019-07-26 16:29:31,양수도완료,2019-07-26 16:29:32,8212388,,,80333,78827,103940,1,주식회사 남만
25,양도,8,41206485,0,0,2019-07-26 14:57:49,2019-07-26 16:29:32,양수도완료,2019-07-26 16:29:32,41206485,,,80335,78825,103970,1,주식회사 남만
46,양도,8,27312734,0,0,2019-07-26 15:34:23,2019-07-26 16:30:06,양수도완료,2019-07-26 16:30:17,27312734,,,80337,78912,103611,3,주식회사 남만
48,양도,8,27312733,0,0,2019-07-26 15:34:23,2019-07-26 16:30:07,양수도완료,2019-07-26 16:30:17,27312733,,,80339,78906,103958,3,주식회사 남만
50,양도,8,21933178,0,0,2019-07-26 15:34:23,2019-07-26 16:30:08,양수도완료,2019-07-26 16:30:17,21933178,,,80341,78900,104066,3,주식회사 남만
52,양도,8,43622044,0,0,2019-07-26 15:34:23,2019-07-26 16:30:09,양수도완료,2019-07-26 16:30:17,43622044,,,80343,78898,104101,3,주식회사 남만
54,양도,8,432237,0,0,2019-07-26 15:34:23,2019-07-26 16:30:10,양수도완료,2019-07-26 16:30:17,432237,,,80345,78896,104120,3,주식회사 남만
56,양도,8,13322979,0,0,2019-07-26 15:34:23,2019-07-26 16:30:10,양수도완료,2019-07-26 16:30:17,13322979,,,80347,78893,104204,3,주식회사 남만
58,양도,8,20530961,0,0,2019-07-26 15:34:23,2019-07-26 16:30:11,양수도완료,2019-07-26 16:30:17,20530961,,,80349,78890,104230,3,주식회사 남만
60,양도,8,7274549,0,0,2019-07-26 15:34:23,2019-07-26 16:30:12,양수도완료,2019-07-26 16:30:17,7274549,,,80351,78887,104254,3,주식회사 남만
62,양도,8,29926654,0,0,2019-07-26 15:34:23,2019-07-26 16:30:12,양수도완료,2019-07-26 16:30:17,29926654,,,80353,78911,104278,3,주식회사 남만
64,양도,8,21768533,0,0,2019-07-26 15:34:23,2019-07-26 16:30:13,양수도완료,2019-07-26 16:30:17,21768533,,,80355,78880,104331,3,주식회사 남만
66,양도,8,35139397,0,0,2019-07-26 15:34:23,2019-07-26 16:30:14,양수도완료,2019-07-26 16:30:17,35139397,,,80357,78878,104388,3,주식회사 남만
68,양도,8,4375471,0,0,2019-07-26 15:34:23,2019-07-26 16:30:14,양수도완료,2019-07-26 16:30:17,4375471,,,80359,78875,104468,3,주식회사 남만
70,양도,8,41226390,0,0,2019-07-26 15:34:23,2019-07-26 16:30:15,양수도완료,2019-07-26 16:30:17,41226390,,,80361,78873,104481,3,주식회사 남만
72,양도,8,16543346,0,0,2019-07-26 15:34:23,2019-07-26 16:30:16,양수도완료,2019-07-26 16:30:17,16543346,,,80363,78870,104526,3,주식회사 남만
74,양도,8,10911818,0,0,2019-07-26 15:34:23,2019-07-26 16:30:17,양수도완료,2019-07-26 16:30:17,10911818,,,80365,78866,104572,3,주식회사 남만
282,양도,9,8120089,0,0,2019-08-02 16:36:26,2019-08-02 17:58:43,양수도완료,2019-08-02 17:58:56,8120089,,,80673,78778,102090,20,주식회사 남만
284,양도,9,1046067,0,0,2019-08-02 16:36:26,2019-08-02 17:58:44,양수도완료,2019-08-02 17:58:56,1046067,,,80675,78774,102107,20,주식회사 남만
286,양도,9,45056866,0,0,2019-08-02 16:36:26,2019-08-02 17:58:45,양수도완료,2019-08-02 17:58:56,45056866,,,80677,78769,102233,20,주식회사 남만
288,양도,9,7012990,0,0,2019-08-02 16:36:26,2019-08-02 17:58:47,양수도완료,2019-08-02 17:58:56,7012990,,,80679,78766,102256,20,주식회사 남만
290,양도,10,43701162,0,0,2019-08-02 16:36:26,2019-08-02 17:58:48,양수도완료,2019-08-02 17:58:56,43701162,,,80681,78764,102267,20,주식회사 남만
292,양도,9,6855179,0,0,2019-08-02 16:36:26,2019-08-02 17:58:50,양수도완료,2019-08-02 17:58:56,6855179,,,80683,78761,102296,20,주식회사 남만
294,양도,9,6824580,0,0,2019-08-02 16:36:26,2019-08-02 17:58:50,양수도완료,2019-08-02 17:58:56,6824580,,,80685,78757,102329,20,주식회사 남만
296,양도,10,12407601,0,0,2019-08-02 16:36:26,2019-08-02 17:58:51,양수도완료,2019-08-02 17:58:56,12407601,,,80687,78754,102350,20,주식회사 남만
298,양도,9,44504386,0,0,2019-08-02 16:36:26,2019-08-02 17:58:52,양수도완료,2019-08-02 17:58:56,44504386,,,80689,78750,102375,20,주식회사 남만
300,양도,10,1967118,0,0,2019-08-02 16:36:26,2019-08-02 17:58:54,양수도완료,2019-08-02 17:58:56,1967118,,,80691,78747,102421,20,주식회사 남만
302,양도,9,45200412,0,0,2019-08-02 16:36:26,2019-08-02 17:58:55,양수도완료,2019-08-02 17:58:56,45200412,,,80693,78744,102437,20,주식회사 남만
304,양도,7,46024983,0,0,2019-08-02 16:39:37,2019-08-02 16:39:37,대기시간초과,,46024983,,,,78994,105642,21,주식회사 남만
306,양도,7,46489501,0,0,2019-08-02 16:39:37,2019-08-02 16:39:37,대기시간초과,,46489501,,,,78996,105745,21,주식회사 남만
308,양도,7,32325555,0,0,2019-08-02 16:39:37,2019-08-02 16:39:37,대기시간초과,,32325555,,,,79004,105763,21,주식회사 남만
310,양도,7,36762555,0,0,2019-08-02 16:39:37,2019-08-02 16:39:37,대기시간초과,,36762555,,,,78998,105841,21,주식회사 남만
312,양도,7,30742655,0,0,2019-08-02 16:39:37,2019-08-02 16:39:37,대기시간초과,,30742655,,,,79005,105885,21,주식회사 남만
314,양도,7,17249012,0,0,2019-08-02 16:39:37,2019-08-02 16:39:37,대기시간초과,,17249012,,,,79001,105891,21,주식회사 남만
316,양도,7,46535284,0,0,2019-08-02 16:39:37,2019-08-02 16:39:37,대기시간초과,,46535284,,,,79008,105948,21,주식회사 남만
318,양도,7,8536023,0,0,2019-08-02 16:39:37,2019-08-02 16:39:37,대기시간초과,,8536023,,,,79011,105979,21,주식회사 남만
320,양도,7,41561433,0,0,2019-08-02 16:39:37,2019-08-02 16:39:37,대기시간초과,,41561433,,,,79015,106011,21,주식회사 남만
322,양도,7,9307058,0,0,2019-08-02 16:39:37,2019-08-02 16:39:37,대기시간초과,,9307058,,,,79019,106075,21,주식회사 남만
324,양도,7,27142926,0,0,2019-08-02 16:39:37,2019-08-02 16:39:37,대기시간초과,,27142926,,,,79017,106148,21,주식회사 남만
326,양도,7,6122595,0,0,2019-08-02 16:39:37,2019-08-02 16:39:37,대기시간초과,,6122595,,,,79020,106179,21,주식회사 남만
328,양도,7,16154127,0,0,2019-08-02 16:39:37,2019-08-02 16:39:37,대기시간초과,,16154127,,,,79023,106192,21,주식회사 남만
330,양도,7,5159593,0,0,2019-08-02 16:39:37,2019-08-02 16:39:37,대기시간초과,,5159593,,,,79031,106243,21,주식회사 남만
332,양도,7,46024983,0,0,2019-08-02 16:40:14,2019-08-02 16:40:14,대기시간초과,,46024983,,,,78994,105642,22,주식회사 남만
334,양도,7,46489501,0,0,2019-08-02 16:40:14,2019-08-02 16:40:14,대기시간초과,,46489501,,,,78996,105745,22,주식회사 남만
336,양도,7,32325555,0,0,2019-08-02 16:40:14,2019-08-02 16:40:14,대기시간초과,,32325555,,,,79004,105763,22,주식회사 남만
338,양도,7,36762555,0,0,2019-08-02 16:40:14,2019-08-02 16:40:14,대기시간초과,,36762555,,,,78998,105841,22,주식회사 남만
340,양도,7,30742655,0,0,2019-08-02 16:40:14,2019-08-02 16:40:14,대기시간초과,,30742655,,,,79005,105885,22,주식회사 남만
342,양도,7,17249012,0,0,2019-08-02 16:40:14,2019-08-02 16:40:14,대기시간초과,,17249012,,,,79001,105891,22,주식회사 남만
344,양도,7,46535284,0,0,2019-08-02 16:40:14,2019-08-02 16:40:14,대기시간초과,,46535284,,,,79008,105948,22,주식회사 남만
346,양도,7,8536023,0,0,2019-08-02 16:40:14,2019-08-02 16:40:14,대기시간초과,,8536023,,,,79011,105979,22,주식회사 남만
348,양도,7,41561433,0,0,2019-08-02 16:40:14,2019-08-02 16:40:14,대기시간초과,,41561433,,,,79015,106011,22,주식회사 남만
350,양도,7,9307058,0,0,2019-08-02 16:40:14,2019-08-02 16:40:14,대기시간초과,,9307058,,,,79019,106075,22,주식회사 남만
352,양도,7,27142926,0,0,2019-08-02 16:40:14,2019-08-02 16:40:14,대기시간초과,,27142926,,,,79017,106148,22,주식회사 남만
354,양도,7,6122595,0,0,2019-08-02 16:40:14,2019-08-02 16:40:14,대기시간초과,,6122595,,,,79020,106179,22,주식회사 남만
356,양도,7,16154127,0,0,2019-08-02 16:40:14,2019-08-02 16:40:14,대기시간초과,,16154127,,,,79023,106192,22,주식회사 남만
358,양도,7,5159593,0,0,2019-08-02 16:40:15,2019-08-02 16:40:15,대기시간초과,,5159593,,,,79031,106243,22,주식회사 남만
360,양도,7,46024983,0,0,2019-08-02 16:41:13,2019-08-02 16:41:13,대기시간초과,,46024983,,,,78994,105642,23,주식회사 남만
362,양도,7,46489501,0,0,2019-08-02 16:41:13,2019-08-02 16:41:13,대기시간초과,,46489501,,,,78996,105745,23,주식회사 남만
364,양도,7,32325555,0,0,2019-08-02 16:41:13,2019-08-02 16:41:13,대기시간초과,,32325555,,,,79004,105763,23,주식회사 남만
366,양도,7,36762555,0,0,2019-08-02 16:41:13,2019-08-02 16:41:13,대기시간초과,,36762555,,,,78998,105841,23,주식회사 남만
368,양도,7,30742655,0,0,2019-08-02 16:41:13,2019-08-02 16:41:13,대기시간초과,,30742655,,,,79005,105885,23,주식회사 남만
370,양도,7,17249012,0,0,2019-08-02 16:41:13,2019-08-02 16:41:13,대기시간초과,,17249012,,,,79001,105891,23,주식회사 남만
372,양도,7,46535284,0,0,2019-08-02 16:41:13,2019-08-02 16:41:13,대기시간초과,,46535284,,,,79008,105948,23,주식회사 남만
374,양도,7,8536023,0,0,2019-08-02 16:41:13,2019-08-02 16:41:13,대기시간초과,,8536023,,,,79011,105979,23,주식회사 남만
376,양도,7,41561433,0,0,2019-08-02 16:41:13,2019-08-02 16:41:13,대기시간초과,,41561433,,,,79015,106011,23,주식회사 남만
378,양도,7,9307058,0,0,2019-08-02 16:41:13,2019-08-02 16:41:13,대기시간초과,,9307058,,,,79019,106075,23,주식회사 남만
380,양도,7,27142926,0,0,2019-08-02 16:41:13,2019-08-02 16:41:13,대기시간초과,,27142926,,,,79017,106148,23,주식회사 남만
382,양도,7,6122595,0,0,2019-08-02 16:41:13,2019-08-02 16:41:13,대기시간초과,,6122595,,,,79020,106179,23,주식회사 남만
384,양도,7,16154127,0,0,2019-08-02 16:41:13,2019-08-02 16:41:13,대기시간초과,,16154127,,,,79023,106192,23,주식회사 남만
386,양도,7,5159593,0,0,2019-08-02 16:41:13,2019-08-02 16:41:13,대기시간초과,,5159593,,,,79031,106243,23,주식회사 남만
388,양도,7,46024983,0,0,2019-08-02 16:42:03,2019-08-02 16:42:03,대기시간초과,,46024983,,,,78994,105642,24,주식회사 남만
390,양도,7,46489501,0,0,2019-08-02 16:42:03,2019-08-02 16:42:03,대기시간초과,,46489501,,,,78996,105745,24,주식회사 남만
392,양도,7,32325555,0,0,2019-08-02 16:42:03,2019-08-02 16:42:03,대기시간초과,,32325555,,,,79004,105763,24,주식회사 남만
394,양도,7,36762555,0,0,2019-08-02 16:42:03,2019-08-02 16:42:03,대기시간초과,,36762555,,,,78998,105841,24,주식회사 남만
396,양도,7,30742655,0,0,2019-08-02 16:42:03,2019-08-02 16:42:03,대기시간초과,,30742655,,,,79005,105885,24,주식회사 남만
398,양도,7,17249012,0,0,2019-08-02 16:42:03,2019-08-02 16:42:03,대기시간초과,,17249012,,,,79001,105891,24,주식회사 남만
400,양도,7,46535284,0,0,2019-08-02 16:42:03,2019-08-02 16:42:03,대기시간초과,,46535284,,,,79008,105948,24,주식회사 남만
402,양도,7,8536023,0,0,2019-08-02 16:42:03,2019-08-02 16:42:03,대기시간초과,,8536023,,,,79011,105979,24,주식회사 남만
404,양도,7,41561433,0,0,2019-08-02 16:42:03,2019-08-02 16:42:03,대기시간초과,,41561433,,,,79015,106011,24,주식회사 남만
406,양도,7,9307058,0,0,2019-08-02 16:42:03,2019-08-02 16:42:03,대기시간초과,,9307058,,,,79019,106075,24,주식회사 남만
408,양도,7,27142926,0,0,2019-08-02 16:42:03,2019-08-02 16:42:03,대기시간초과,,27142926,,,,79017,106148,24,주식회사 남만
410,양도,7,6122595,0,0,2019-08-02 16:42:03,2019-08-02 16:42:03,대기시간초과,,6122595,,,,79020,106179,24,주식회사 남만
412,양도,7,16154127,0,0,2019-08-02 16:42:03,2019-08-02 16:42:03,대기시간초과,,16154127,,,,79023,106192,24,주식회사 남만
414,양도,7,5159593,0,0,2019-08-02 16:42:03,2019-08-02 16:42:03,대기시간초과,,5159593,,,,79031,106243,24,주식회사 남만
416,양도,7,46024983,0,0,2019-08-02 16:42:25,2019-08-02 17:58:24,양수도완료,2019-08-02 17:58:43,46024983,,,80645,78994,105642,25,주식회사 남만
418,양도,7,46489501,0,0,2019-08-02 16:42:25,2019-08-02 17:58:26,양수도완료,2019-08-02 17:58:43,46489501,,,80648,78996,105745,25,주식회사 남만
420,양도,7,32325555,0,0,2019-08-02 16:42:25,2019-08-02 17:58:27,양수도완료,2019-08-02 17:58:43,32325555,,,80650,79004,105763,25,주식회사 남만
422,양도,7,36762555,0,0,2019-08-02 16:42:25,2019-08-02 17:58:29,양수도완료,2019-08-02 17:58:43,36762555,,,80652,78998,105841,25,주식회사 남만
424,양도,7,30742655,0,0,2019-08-02 16:42:25,2019-08-02 17:58:30,양수도완료,2019-08-02 17:58:43,30742655,,,80654,79005,105885,25,주식회사 남만
426,양도,7,17249012,0,0,2019-08-02 16:42:25,2019-08-02 17:58:31,양수도완료,2019-08-02 17:58:43,17249012,,,80656,79001,105891,25,주식회사 남만
428,양도,7,46535284,0,0,2019-08-02 16:42:25,2019-08-02 17:58:32,양수도완료,2019-08-02 17:58:43,46535284,,,80658,79008,105948,25,주식회사 남만
430,양도,7,8536023,0,0,2019-08-02 16:42:25,2019-08-02 17:58:34,양수도완료,2019-08-02 17:58:43,8536023,,,80660,79011,105979,25,주식회사 남만
432,양도,7,41561433,0,0,2019-08-02 16:42:25,2019-08-02 17:58:36,양수도완료,2019-08-02 17:58:43,41561433,,,80662,79015,106011,25,주식회사 남만
434,양도,7,9307058,0,0,2019-08-02 16:42:25,2019-08-02 17:58:37,양수도완료,2019-08-02 17:58:43,9307058,,,80664,79019,106075,25,주식회사 남만
436,양도,7,27142926,0,0,2019-08-02 16:42:25,2019-08-02 17:58:39,양수도완료,2019-08-02 17:58:43,27142926,,,80666,79017,106148,25,주식회사 남만
438,양도,7,6122595,0,0,2019-08-02 16:42:25,2019-08-02 17:58:40,양수도완료,2019-08-02 17:58:43,6122595,,,80668,79020,106179,25,주식회사 남만
440,양도,7,16154127,0,0,2019-08-02 16:42:25,2019-08-02 17:58:41,양수도완료,2019-08-02 17:58:43,16154127,,,80670,79023,106192,25,주식회사 남만
442,양도,7,3824998,0,0,2019-08-02 16:42:25,2019-08-02 17:58:42,양수도완료,2019-08-02 17:58:43,3824998,,,80672,79030,106292,25,주식회사 남만
528,양도,9,18931518,0,0,2019-08-19 11:05:46,2019-08-19 15:13:46,양수도완료,2019-08-19 15:14:02,18931518,,,80904,78821,102538,28,주식회사 남만
530,양도,9,22626386,0,0,2019-08-19 11:05:46,2019-08-19 15:13:48,양수도완료,2019-08-19 15:14:02,22626386,,,80907,78814,102695,28,주식회사 남만
532,양도,9,5504845,0,0,2019-08-19 11:05:46,2019-08-19 15:13:49,양수도완료,2019-08-19 15:14:02,5504845,,,80911,78811,102804,28,주식회사 남만
534,양도,9,17129358,0,0,2019-08-19 11:05:46,2019-08-19 15:13:50,양수도완료,2019-08-19 15:14:02,17129358,,,80913,78809,102812,28,주식회사 남만
536,양도,9,4021259,0,0,2019-08-19 11:05:46,2019-08-19 15:13:51,양수도완료,2019-08-19 15:14:02,4021259,,,80915,78806,102860,28,주식회사 남만
538,양도,9,7228264,0,0,2019-08-19 11:05:46,2019-08-19 15:13:53,양수도완료,2019-08-19 15:14:02,7228264,,,80917,78803,102881,28,주식회사 남만
540,양도,9,43026173,0,0,2019-08-19 11:05:46,2019-08-19 15:13:54,양수도완료,2019-08-19 15:14:02,43026173,,,80919,78801,102912,28,주식회사 남만
542,양도,9,44783140,0,0,2019-08-19 11:05:46,2019-08-19 15:13:55,양수도완료,2019-08-19 15:14:02,44783140,,,80921,78799,102963,28,주식회사 남만
544,양도,9,6845236,0,0,2019-08-19 11:05:46,2019-08-19 15:13:57,양수도완료,2019-08-19 15:14:02,6845236,,,80923,78788,103204,28,주식회사 남만
546,양도,9,34369020,0,0,2019-08-19 11:05:46,2019-08-19 15:13:58,양수도완료,2019-08-19 15:14:02,34369020,,,80925,78786,103225,28,주식회사 남만
548,양도,9,44445408,0,0,2019-08-19 11:05:46,2019-08-19 15:14:00,양수도완료,2019-08-19 15:14:02,44445408,,,80927,78784,103267,28,주식회사 남만
550,양도,6,19466734,0,0,2019-08-19 11:28:18,2019-08-19 15:44:49,양수도완료,2019-08-19 15:45:00,19466734,,,80957,79040,106403,29,주식회사 남만
552,양도,7,27707623,0,0,2019-08-19 11:28:18,2019-08-19 15:44:50,양수도완료,2019-08-19 15:45:00,27707623,,,80959,79043,106466,29,주식회사 남만
554,양도,6,24205586,0,0,2019-08-19 11:28:18,2019-08-19 15:44:51,양수도완료,2019-08-19 15:45:00,24205586,,,80961,79037,106480,29,주식회사 남만
556,양도,7,12888259,0,0,2019-08-19 11:28:18,2019-08-19 15:44:52,양수도완료,2019-08-19 15:45:00,12888259,,,80963,79042,106505,29,주식회사 남만
558,양도,7,35096320,0,0,2019-08-19 11:28:18,2019-08-19 15:44:53,양수도완료,2019-08-19 15:45:00,35096320,,,80965,79049,106625,29,주식회사 남만
560,양도,7,7673092,0,0,2019-08-19 11:28:18,2019-08-19 15:44:54,양수도완료,2019-08-19 15:45:00,7673092,,,80967,79050,106639,29,주식회사 남만
562,양도,6,12182389,0,0,2019-08-19 11:28:18,2019-08-19 15:44:55,양수도완료,2019-08-19 15:45:00,12182389,,,80969,79063,106760,29,주식회사 남만
564,양도,6,46831309,0,0,2019-08-19 11:28:18,2019-08-19 15:44:56,양수도완료,2019-08-19 15:45:00,46831309,,,80971,79058,106784,29,주식회사 남만
566,양도,6,24205586,0,0,2019-08-19 11:28:18,2019-08-19 15:44:57,양수도완료,2019-08-19 15:45:00,24205586,,,80973,79059,106791,29,주식회사 남만
568,양도,7,18767281,0,0,2019-08-19 11:28:18,2019-08-19 15:44:58,양수도완료,2019-08-19 15:45:00,18767281,,,80975,79062,106839,29,주식회사 남만
570,양도,7,27315276,0,0,2019-08-19 11:28:18,2019-08-19 15:44:59,양수도완료,2019-08-19 15:45:00,27315276,,,80977,79069,106926,29,주식회사 남만
572,양도,6,40320479,0,0,2019-08-19 11:28:18,2019-08-19 15:45:00,양수도완료,2019-08-19 15:45:00,40320479,,,80979,79073,106975,29,주식회사 남만
574,양도,6,594705,0,0,2019-08-19 11:28:18,2019-08-19 15:45:00,양수도완료,2019-08-19 15:45:00,594705,,,80981,79075,107000,29,주식회사 남만
576,양도,6,46960954,0,0,2019-08-19 11:32:18,2019-08-19 15:44:35,양수도완료,2019-08-19 15:44:49,46960954,,,80933,79082,107001,30,주식회사 남만
578,양도,6,20247744,0,0,2019-08-19 11:32:18,2019-08-19 15:44:37,양수도완료,2019-08-19 15:44:49,20247744,,,80935,79086,107014,30,주식회사 남만
580,양도,6,9366263,0,0,2019-08-19 11:32:18,2019-08-19 15:44:38,양수도완료,2019-08-19 15:44:49,9366263,,,80937,79080,107057,30,주식회사 남만
582,양도,6,26462044,0,0,2019-08-19 11:32:18,2019-08-19 15:44:39,양수도완료,2019-08-19 15:44:49,26462044,,,80939,79084,107075,30,주식회사 남만
584,양도,6,32911184,0,0,2019-08-19 11:32:18,2019-08-19 15:44:40,양수도완료,2019-08-19 15:44:49,32911184,,,80941,79110,107085,30,주식회사 남만
586,양도,6,13272776,0,0,2019-08-19 11:32:18,2019-08-19 15:44:41,양수도완료,2019-08-19 15:44:49,13272776,,,80943,79093,107157,30,주식회사 남만
588,양도,6,8788458,0,0,2019-08-19 11:32:18,2019-08-19 15:44:42,양수도완료,2019-08-19 15:44:49,8788458,,,80945,79092,107183,30,주식회사 남만
590,양도,6,25388630,0,0,2019-08-19 11:32:18,2019-08-19 15:44:43,양수도완료,2019-08-19 15:44:49,25388630,,,80947,79099,107216,30,주식회사 남만
592,양도,6,37674145,0,0,2019-08-19 11:32:18,2019-08-19 15:44:44,양수도완료,2019-08-19 15:44:49,37674145,,,80949,79104,107223,30,주식회사 남만
594,양도,6,28098790,0,0,2019-08-19 11:32:18,2019-08-19 15:44:46,양수도완료,2019-08-19 15:44:49,28098790,,,80951,79112,107286,30,주식회사 남만
596,양도,6,2970528,0,0,2019-08-19 11:32:18,2019-08-19 15:44:47,양수도완료,2019-08-19 15:44:49,2970528,,,80953,79105,107298,30,주식회사 남만
598,양도,6,12299241,0,0,2019-08-19 11:32:18,2019-08-19 15:44:48,양수도완료,2019-08-19 15:44:49,12299241,,,80955,79113,107310,30,주식회사 남만
650,양도,9,3499548,0,0,2019-08-19 13:39:08,2019-08-19 15:44:34,양수도완료,2019-08-19 15:44:35,3499548,,,80931,78903,104020,34,주식회사 남만
987,양도,7,17047925,0,0,2019-08-21 14:43:47,2019-08-21 14:43:47,대기시간초과,,17047925,,,,79048,106519,70,주식회사 남만
989,양도,7,25828703,0,0,2019-08-21 14:45:39,2019-08-21 14:45:39,대기시간초과,,25828703,,,,79088,107074,71,주식회사 남만
1019,양도,7,21261716,0,0,2019-08-22 14:37:38,2019-08-22 16:43:40,양수도완료,2019-08-22 16:43:40,21261716,,,81440,79066,106906,78,주식회사 남만
1239,양도,7,16115086,0,0,2019-09-09 16:49:34,2019-09-09 16:49:34,대기시간초과,,16115086,,,,79122,107366,86,주식회사 남만
1241,양도,7,6905780,0,0,2019-09-09 16:49:34,2019-09-09 16:49:34,대기시간초과,,6905780,,,,79132,107396,86,주식회사 남만
1243,양도,7,34331153,0,0,2019-09-09 16:49:34,2019-09-09 16:49:34,대기시간초과,,34331153,,,,79125,107416,86,주식회사 남만
1245,양도,7,18449073,0,0,2019-09-09 16:49:34,2019-09-09 16:49:34,대기시간초과,,18449073,,,,79121,107425,86,주식회사 남만
1247,양도,7,24906250,0,0,2019-09-09 16:49:34,2019-09-09 16:49:34,대기시간초과,,24906250,,,,79129,107437,86,주식회사 남만
1249,양도,7,45030488,0,0,2019-09-09 16:49:34,2019-09-09 16:49:34,대기시간초과,,45030488,,,,79130,107447,86,주식회사 남만
1251,양도,7,11554268,0,0,2019-09-09 16:49:34,2019-09-09 16:49:34,대기시간초과,,11554268,,,,79137,107484,86,주식회사 남만
1253,양도,7,41840552,0,0,2019-09-09 16:49:34,2019-09-09 16:49:34,대기시간초과,,41840552,,,,79153,107503,86,주식회사 남만
1255,양도,7,44636307,0,0,2019-09-09 16:49:34,2019-09-09 16:49:34,대기시간초과,,44636307,,,,79134,107513,86,주식회사 남만
1257,양도,7,22460246,0,0,2019-09-09 16:49:34,2019-09-09 16:49:34,대기시간초과,,22460246,,,,79139,107517,86,주식회사 남만
1259,양도,7,13572012,0,0,2019-09-09 16:49:34,2019-09-09 16:49:34,대기시간초과,,13572012,,,,79143,107583,86,주식회사 남만
1261,양도,7,45939326,0,0,2019-09-09 16:49:34,2019-09-09 16:49:34,대기시간초과,,45939326,,,,79146,107590,86,주식회사 남만
1263,양도,7,17072044,0,0,2019-09-09 16:49:34,2019-09-09 16:49:34,대기시간초과,,17072044,,,,79151,107648,86,주식회사 남만
1265,양도,7,46398429,0,0,2019-09-09 16:49:34,2019-09-09 16:49:34,대기시간초과,,46398429,,,,79154,107760,86,주식회사 남만
1267,양도,7,10041930,0,0,2019-09-09 17:06:20,2019-09-09 17:06:20,대기시간초과,,10041930,,,,79159,107750,87,주식회사 남만
1269,양도,6,28466606,0,0,2019-09-09 17:06:20,2019-09-09 17:06:20,대기시간초과,,28466606,,,,79158,107768,87,주식회사 남만
1271,양도,6,28070098,0,0,2019-09-09 17:06:20,2019-09-09 17:06:20,대기시간초과,,28070098,,,,79161,107782,87,주식회사 남만
1273,양도,6,9340207,0,0,2019-09-09 17:06:20,2019-09-09 17:06:20,대기시간초과,,9340207,,,,79169,107814,87,주식회사 남만
1275,양도,6,46783491,0,0,2019-09-09 17:06:20,2019-09-09 17:06:20,대기시간초과,,46783491,,,,79167,107834,87,주식회사 남만
1277,양도,6,46902083,0,0,2019-09-09 17:06:20,2019-09-09 17:06:20,대기시간초과,,46902083,,,,79174,107872,87,주식회사 남만
1279,양도,7,18471745,0,0,2019-09-09 17:06:21,2019-09-09 17:06:21,대기시간초과,,18471745,,,,79189,108013,87,주식회사 남만
1281,양도,6,27367854,0,0,2019-09-09 17:06:21,2019-09-09 17:06:21,대기시간초과,,27367854,,,,79181,108050,87,주식회사 남만
1283,양도,6,40319006,0,0,2019-09-09 17:06:21,2019-09-09 17:06:21,대기시간초과,,40319006,,,,79173,108057,87,주식회사 남만
1285,양도,6,9634157,0,0,2019-09-09 17:06:21,2019-09-09 17:06:21,대기시간초과,,9634157,,,,79183,108087,87,주식회사 남만
1287,양도,6,4835439,0,0,2019-09-09 17:06:21,2019-09-09 17:06:21,대기시간초과,,4835439,,,,79186,108135,87,주식회사 남만
1289,양도,6,28278734,0,0,2019-09-09 17:06:21,2019-09-09 17:06:21,대기시간초과,,28278734,,,,79190,108190,87,주식회사 남만
1291,양도,6,17808019,0,0,2019-09-09 17:06:21,2019-09-09 17:06:21,대기시간초과,,17808019,,,,79193,108250,87,주식회사 남만
1293,양도,10,25476842,0,0,2019-09-09 17:07:43,2019-09-09 17:07:43,대기시간초과,,25476842,,,,78815,102660,88,주식회사 남만
1295,양도,7,16115086,0,0,2019-09-10 14:48:04,2019-09-10 14:48:04,대기시간초과,,16115086,,,,79122,107366,89,주식회사 남만
1297,양도,7,6905780,0,0,2019-09-10 14:48:04,2019-09-10 14:48:04,대기시간초과,,6905780,,,,79132,107396,89,주식회사 남만
1299,양도,7,34331153,0,0,2019-09-10 14:48:04,2019-09-10 14:48:04,대기시간초과,,34331153,,,,79125,107416,89,주식회사 남만
1301,양도,7,18449073,0,0,2019-09-10 14:48:04,2019-09-10 14:48:04,대기시간초과,,18449073,,,,79121,107425,89,주식회사 남만
1303,양도,7,24906250,0,0,2019-09-10 14:48:04,2019-09-10 14:48:04,대기시간초과,,24906250,,,,79129,107437,89,주식회사 남만
1305,양도,7,45030488,0,0,2019-09-10 14:48:04,2019-09-10 14:48:04,대기시간초과,,45030488,,,,79130,107447,89,주식회사 남만
1307,양도,7,11554268,0,0,2019-09-10 14:48:04,2019-09-10 14:48:04,대기시간초과,,11554268,,,,79137,107484,89,주식회사 남만
1309,양도,7,41840552,0,0,2019-09-10 14:48:04,2019-09-10 14:48:04,대기시간초과,,41840552,,,,79153,107503,89,주식회사 남만
1311,양도,7,44636307,0,0,2019-09-10 14:48:04,2019-09-10 14:48:04,대기시간초과,,44636307,,,,79134,107513,89,주식회사 남만
1313,양도,7,22460246,0,0,2019-09-10 14:48:04,2019-09-10 14:48:04,대기시간초과,,22460246,,,,79139,107517,89,주식회사 남만
1315,양도,7,13572012,0,0,2019-09-10 14:48:04,2019-09-10 14:48:04,대기시간초과,,13572012,,,,79143,107583,89,주식회사 남만
1317,양도,7,45939326,0,0,2019-09-10 14:48:04,2019-09-10 14:48:04,대기시간초과,,45939326,,,,79146,107590,89,주식회사 남만
1319,양도,7,17072044,0,0,2019-09-10 14:48:04,2019-09-10 14:48:04,대기시간초과,,17072044,,,,79151,107648,89,주식회사 남만
1321,양도,7,46398429,0,0,2019-09-10 14:48:04,2019-09-10 14:48:04,대기시간초과,,46398429,,,,79154,107760,89,주식회사 남만
1323,양도,7,10041930,0,0,2019-09-10 14:50:06,2019-09-10 17:21:34,양수도완료,2019-09-10 17:21:35,10041930,,,81816,79159,107750,90,주식회사 남만
1325,양도,6,28466606,0,0,2019-09-10 14:50:06,2019-09-10 17:21:34,양수도완료,2019-09-10 17:21:35,28466606,,,81818,79158,107768,90,주식회사 남만
1327,양도,7,24013268,0,0,2019-09-10 14:50:06,2019-09-10 17:21:34,양수도완료,2019-09-10 17:21:35,24013268,,,81820,79168,107806,90,주식회사 남만
1329,양도,6,9340207,0,0,2019-09-10 14:50:06,2019-09-10 17:21:34,양수도완료,2019-09-10 17:21:35,9340207,,,81822,79169,107814,90,주식회사 남만
1331,양도,6,46783491,0,0,2019-09-10 14:50:06,2019-09-10 17:21:34,양수도완료,2019-09-10 17:21:35,46783491,,,81824,79167,107834,90,주식회사 남만
1333,양도,6,46902083,0,0,2019-09-10 14:50:06,2019-09-10 17:21:34,양수도완료,2019-09-10 17:21:35,46902083,,,81826,79174,107872,90,주식회사 남만
1335,양도,7,18471745,0,0,2019-09-10 14:50:06,2019-09-10 17:21:34,양수도완료,2019-09-10 17:21:35,18471745,,,81828,79189,108013,90,주식회사 남만
1337,양도,6,27367854,0,0,2019-09-10 14:50:06,2019-09-10 17:21:34,양수도완료,2019-09-10 17:21:35,27367854,,,81830,79181,108050,90,주식회사 남만
1339,양도,7,38338439,0,0,2019-09-10 14:50:06,2019-09-10 17:21:34,양수도완료,2019-09-10 17:21:35,38338439,,,81832,79173,108057,90,주식회사 남만
1341,양도,6,9634157,0,0,2019-09-10 14:50:06,2019-09-10 17:21:35,양수도완료,2019-09-10 17:21:35,9634157,,,81834,79183,108087,90,주식회사 남만
1343,양도,6,42105142,0,0,2019-09-10 14:50:06,2019-09-10 17:21:35,양수도완료,2019-09-10 17:21:35,42105142,,,81836,79187,108179,90,주식회사 남만
1345,양도,7,37420620,0,0,2019-09-10 14:50:06,2019-09-10 17:21:35,양수도완료,2019-09-10 17:21:35,37420620,,,81838,79192,108236,90,주식회사 남만
1347,양도,7,41561433,0,0,2019-09-10 14:50:06,2019-09-10 17:21:35,양수도완료,2019-09-10 17:21:35,41561433,,,81840,79194,108288,90,주식회사 남만
1375,양도,9,44856800,0,0,2019-09-18 11:06:06,2019-09-18 11:06:06,대기시간초과,,44856800,,,,78913,104548,93,주식회사 남만
1377,양도,9,20963110,0,0,2019-09-18 11:06:06,2019-09-18 11:06:06,대기시간초과,,20963110,,,,78914,104593,93,주식회사 남만
1379,양도,9,44856800,0,0,2019-09-18 11:06:07,2019-09-18 11:06:07,대기시간초과,,44856800,,,,78916,104615,93,주식회사 남만
1381,양도,9,6837868,0,0,2019-09-18 11:06:07,2019-09-18 11:06:07,대기시간초과,,6837868,,,,78920,104640,93,주식회사 남만
1383,양도,9,8112560,0,0,2019-09-18 11:06:07,2019-09-18 11:06:07,대기시간초과,,8112560,,,,78925,104765,93,주식회사 남만
1385,양도,9,10421934,0,0,2019-09-18 11:06:07,2019-09-18 11:06:07,대기시간초과,,10421934,,,,78929,104891,93,주식회사 남만
1387,양도,9,6915821,0,0,2019-09-18 11:06:07,2019-09-18 11:06:07,대기시간초과,,6915821,,,,78935,104895,93,주식회사 남만
1389,양도,9,42898510,0,0,2019-09-18 11:06:07,2019-09-18 11:06:07,대기시간초과,,42898510,,,,78936,104924,93,주식회사 남만
1391,양도,9,8048286,0,0,2019-09-18 11:06:07,2019-09-18 11:06:07,대기시간초과,,8048286,,,,78934,104978,93,주식회사 남만
1393,양도,9,9675223,0,0,2019-09-18 11:06:07,2019-09-18 11:06:07,대기시간초과,,9675223,,,,78947,105000,93,주식회사 남만
1395,양도,9,9029403,0,0,2019-09-18 11:06:07,2019-09-18 11:06:07,대기시간초과,,9029403,,,,78938,105126,93,주식회사 남만
1397,양도,8,6716897,0,0,2019-09-18 11:06:07,2019-09-18 11:06:07,대기시간초과,,6716897,,,,78942,105143,93,주식회사 남만
1399,양도,9,13571426,0,0,2019-09-18 11:06:07,2019-09-18 11:06:07,대기시간초과,,13571426,,,,78950,105225,93,주식회사 남만
1401,양도,9,25919365,0,0,2019-09-18 11:06:07,2019-09-18 11:06:07,대기시간초과,,25919365,,,,78948,105235,93,주식회사 남만
335,양도,7,515290,0,0,2019-08-02 16:40:14,2019-08-02 16:40:14,대기시간초과,,515290,,,,79003,105756,22,주식회사 남만
337,양도,7,43487487,0,0,2019-08-02 16:40:14,2019-08-02 16:40:14,대기시간초과,,43487487,,,,78995,105825,22,주식회사 남만
339,양도,7,30750653,0,0,2019-08-02 16:40:14,2019-08-02 16:40:14,대기시간초과,,30750653,,,,79002,105878,22,주식회사 남만
341,양도,7,2551811,0,0,2019-08-02 16:40:14,2019-08-02 16:40:14,대기시간초과,,2551811,,,,79000,105890,22,주식회사 남만
343,양도,7,38428321,0,0,2019-08-02 16:40:14,2019-08-02 16:40:14,대기시간초과,,38428321,,,,79007,105939,22,주식회사 남만
345,양도,7,23089682,0,0,2019-08-02 16:40:14,2019-08-02 16:40:14,대기시간초과,,23089682,,,,79013,105967,22,주식회사 남만
347,양도,7,46122684,0,0,2019-08-02 16:40:14,2019-08-02 16:40:14,대기시간초과,,46122684,,,,79012,105989,22,주식회사 남만
349,양도,7,5111071,0,0,2019-08-02 16:40:14,2019-08-02 16:40:14,대기시간초과,,5111071,,,,79010,106045,22,주식회사 남만
351,양도,7,28819512,0,0,2019-08-02 16:40:14,2019-08-02 16:40:14,대기시간초과,,28819512,,,,79016,106088,22,주식회사 남만
353,양도,7,41510416,0,0,2019-08-02 16:40:14,2019-08-02 16:40:14,대기시간초과,,41510416,,,,79022,106170,22,주식회사 남만
355,양도,7,21318171,0,0,2019-08-02 16:40:14,2019-08-02 16:40:14,대기시간초과,,21318171,,,,79024,106181,22,주식회사 남만
357,양도,7,20229865,0,0,2019-08-02 16:40:14,2019-08-02 16:40:14,대기시간초과,,20229865,,,,79028,106207,22,주식회사 남만
359,양도,7,3824998,0,0,2019-08-02 16:40:15,2019-08-02 16:40:15,대기시간초과,,3824998,,,,79030,106292,22,주식회사 남만
361,양도,7,11420453,0,0,2019-08-02 16:41:13,2019-08-02 16:41:13,대기시간초과,,11420453,,,,78999,105732,23,주식회사 남만
363,양도,7,515290,0,0,2019-08-02 16:41:13,2019-08-02 16:41:13,대기시간초과,,515290,,,,79003,105756,23,주식회사 남만
365,양도,7,43487487,0,0,2019-08-02 16:41:13,2019-08-02 16:41:13,대기시간초과,,43487487,,,,78995,105825,23,주식회사 남만
367,양도,7,30750653,0,0,2019-08-02 16:41:13,2019-08-02 16:41:13,대기시간초과,,30750653,,,,79002,105878,23,주식회사 남만
369,양도,7,2551811,0,0,2019-08-02 16:41:13,2019-08-02 16:41:13,대기시간초과,,2551811,,,,79000,105890,23,주식회사 남만
371,양도,7,38428321,0,0,2019-08-02 16:41:13,2019-08-02 16:41:13,대기시간초과,,38428321,,,,79007,105939,23,주식회사 남만
373,양도,7,23089682,0,0,2019-08-02 16:41:13,2019-08-02 16:41:13,대기시간초과,,23089682,,,,79013,105967,23,주식회사 남만
375,양도,7,46122684,0,0,2019-08-02 16:41:13,2019-08-02 16:41:13,대기시간초과,,46122684,,,,79012,105989,23,주식회사 남만
377,양도,7,5111071,0,0,2019-08-02 16:41:13,2019-08-02 16:41:13,대기시간초과,,5111071,,,,79010,106045,23,주식회사 남만
379,양도,7,28819512,0,0,2019-08-02 16:41:13,2019-08-02 16:41:13,대기시간초과,,28819512,,,,79016,106088,23,주식회사 남만
381,양도,7,41510416,0,0,2019-08-02 16:41:13,2019-08-02 16:41:13,대기시간초과,,41510416,,,,79022,106170,23,주식회사 남만
383,양도,7,21318171,0,0,2019-08-02 16:41:13,2019-08-02 16:41:13,대기시간초과,,21318171,,,,79024,106181,23,주식회사 남만
385,양도,7,20229865,0,0,2019-08-02 16:41:13,2019-08-02 16:41:13,대기시간초과,,20229865,,,,79028,106207,23,주식회사 남만
387,양도,7,3824998,0,0,2019-08-02 16:41:13,2019-08-02 16:41:13,대기시간초과,,3824998,,,,79030,106292,23,주식회사 남만
389,양도,7,11420453,0,0,2019-08-02 16:42:03,2019-08-02 16:42:03,대기시간초과,,11420453,,,,78999,105732,24,주식회사 남만
391,양도,7,515290,0,0,2019-08-02 16:42:03,2019-08-02 16:42:03,대기시간초과,,515290,,,,79003,105756,24,주식회사 남만
393,양도,7,43487487,0,0,2019-08-02 16:42:03,2019-08-02 16:42:03,대기시간초과,,43487487,,,,78995,105825,24,주식회사 남만
395,양도,7,30750653,0,0,2019-08-02 16:42:03,2019-08-02 16:42:03,대기시간초과,,30750653,,,,79002,105878,24,주식회사 남만
397,양도,7,2551811,0,0,2019-08-02 16:42:03,2019-08-02 16:42:03,대기시간초과,,2551811,,,,79000,105890,24,주식회사 남만
399,양도,7,38428321,0,0,2019-08-02 16:42:03,2019-08-02 16:42:03,대기시간초과,,38428321,,,,79007,105939,24,주식회사 남만
401,양도,7,23089682,0,0,2019-08-02 16:42:03,2019-08-02 16:42:03,대기시간초과,,23089682,,,,79013,105967,24,주식회사 남만
403,양도,7,46122684,0,0,2019-08-02 16:42:03,2019-08-02 16:42:03,대기시간초과,,46122684,,,,79012,105989,24,주식회사 남만
405,양도,7,5111071,0,0,2019-08-02 16:42:03,2019-08-02 16:42:03,대기시간초과,,5111071,,,,79010,106045,24,주식회사 남만
407,양도,7,28819512,0,0,2019-08-02 16:42:03,2019-08-02 16:42:03,대기시간초과,,28819512,,,,79016,106088,24,주식회사 남만
409,양도,7,41510416,0,0,2019-08-02 16:42:03,2019-08-02 16:42:03,대기시간초과,,41510416,,,,79022,106170,24,주식회사 남만
411,양도,7,21318171,0,0,2019-08-02 16:42:03,2019-08-02 16:42:03,대기시간초과,,21318171,,,,79024,106181,24,주식회사 남만
413,양도,7,20229865,0,0,2019-08-02 16:42:03,2019-08-02 16:42:03,대기시간초과,,20229865,,,,79028,106207,24,주식회사 남만
415,양도,7,3824998,0,0,2019-08-02 16:42:03,2019-08-02 16:42:03,대기시간초과,,3824998,,,,79030,106292,24,주식회사 남만
417,양도,7,11420453,0,0,2019-08-02 16:42:25,2019-08-02 17:58:25,양수도완료,2019-08-02 17:58:43,11420453,,,80647,78999,105732,25,주식회사 남만
419,양도,7,515290,0,0,2019-08-02 16:42:25,2019-08-02 17:58:27,양수도완료,2019-08-02 17:58:43,515290,,,80649,79003,105756,25,주식회사 남만
421,양도,7,43487487,0,0,2019-08-02 16:42:25,2019-08-02 17:58:28,양수도완료,2019-08-02 17:58:43,43487487,,,80651,78995,105825,25,주식회사 남만
423,양도,7,30750653,0,0,2019-08-02 16:42:25,2019-08-02 17:58:29,양수도완료,2019-08-02 17:58:43,30750653,,,80653,79002,105878,25,주식회사 남만
425,양도,7,2551811,0,0,2019-08-02 16:42:25,2019-08-02 17:58:31,양수도완료,2019-08-02 17:58:43,2551811,,,80655,79000,105890,25,주식회사 남만
427,양도,7,38428321,0,0,2019-08-02 16:42:25,2019-08-02 17:58:32,양수도완료,2019-08-02 17:58:43,38428321,,,80657,79007,105939,25,주식회사 남만
429,양도,7,23089682,0,0,2019-08-02 16:42:25,2019-08-02 17:58:33,양수도완료,2019-08-02 17:58:43,23089682,,,80659,79013,105967,25,주식회사 남만
431,양도,7,46122684,0,0,2019-08-02 16:42:25,2019-08-02 17:58:35,양수도완료,2019-08-02 17:58:43,46122684,,,80661,79012,105989,25,주식회사 남만
433,양도,7,5111071,0,0,2019-08-02 16:42:25,2019-08-02 17:58:37,양수도완료,2019-08-02 17:58:43,5111071,,,80663,79010,106045,25,주식회사 남만
435,양도,7,28819512,0,0,2019-08-02 16:42:25,2019-08-02 17:58:38,양수도완료,2019-08-02 17:58:43,28819512,,,80665,79016,106088,25,주식회사 남만
437,양도,7,41510416,0,0,2019-08-02 16:42:25,2019-08-02 17:58:39,양수도완료,2019-08-02 17:58:43,41510416,,,80667,79022,106170,25,주식회사 남만
439,양도,7,21318171,0,0,2019-08-02 16:42:25,2019-08-02 17:58:41,양수도완료,2019-08-02 17:58:43,21318171,,,80669,79024,106181,25,주식회사 남만
441,양도,7,5159593,0,0,2019-08-02 16:42:25,2019-08-02 17:58:42,양수도완료,2019-08-02 17:58:43,5159593,,,80671,79031,106243,25,주식회사 남만
527,양도,7,19863531,0,0,2019-08-12 16:47:23,2019-08-12 17:10:38,양수도완료,2019-08-12 17:10:39,19863531,,,80874,79028,106207,27,주식회사 남만
529,양도,9,24270997,0,0,2019-08-19 11:05:46,2019-08-19 15:13:47,양수도완료,2019-08-19 15:14:02,24270997,,,80906,78817,102585,28,주식회사 남만
531,양도,9,9622027,0,0,2019-08-19 11:05:46,2019-08-19 15:13:48,양수도완료,2019-08-19 15:14:02,9622027,,,80910,78812,102768,28,주식회사 남만
533,양도,9,44506946,0,0,2019-08-19 11:05:46,2019-08-19 15:13:49,양수도완료,2019-08-19 15:14:02,44506946,,,80912,78810,102808,28,주식회사 남만
535,양도,9,44380824,0,0,2019-08-19 11:05:46,2019-08-19 15:13:50,양수도완료,2019-08-19 15:14:02,44380824,,,80914,78807,102852,28,주식회사 남만
537,양도,9,26285857,0,0,2019-08-19 11:05:46,2019-08-19 15:13:52,양수도완료,2019-08-19 15:14:02,26285857,,,80916,78804,102876,28,주식회사 남만
539,양도,9,24144858,0,0,2019-08-19 11:05:46,2019-08-19 15:13:53,양수도완료,2019-08-19 15:14:02,24144858,,,80918,78802,102900,28,주식회사 남만
541,양도,9,43206285,0,0,2019-08-19 11:05:46,2019-08-19 15:13:55,양수도완료,2019-08-19 15:14:02,43206285,,,80920,78800,102956,28,주식회사 남만
543,양도,9,25231844,0,0,2019-08-19 11:05:46,2019-08-19 15:13:56,양수도완료,2019-08-19 15:14:02,25231844,,,80922,78796,103010,28,주식회사 남만
545,양도,9,17046988,0,0,2019-08-19 11:05:46,2019-08-19 15:13:58,양수도완료,2019-08-19 15:14:02,17046988,,,80924,78787,103214,28,주식회사 남만
547,양도,9,26978125,0,0,2019-08-19 11:05:46,2019-08-19 15:13:59,양수도완료,2019-08-19 15:14:02,26978125,,,80926,78785,103265,28,주식회사 남만
549,양도,9,44783140,0,0,2019-08-19 11:05:46,2019-08-19 15:14:01,양수도완료,2019-08-19 15:14:02,44783140,,,80928,78783,103523,28,주식회사 남만
551,양도,7,17968197,0,0,2019-08-19 11:28:18,2019-08-19 15:44:49,양수도완료,2019-08-19 15:45:00,17968197,,,80958,79038,106434,29,주식회사 남만
553,양도,7,22314959,0,0,2019-08-19 11:28:18,2019-08-19 15:44:51,양수도완료,2019-08-19 15:45:00,22314959,,,80960,79039,106479,29,주식회사 남만
555,양도,6,8840245,0,0,2019-08-19 11:28:18,2019-08-19 15:44:52,양수도완료,2019-08-19 15:45:00,8840245,,,80962,79041,106490,29,주식회사 남만
557,양도,6,37465049,0,0,2019-08-19 11:28:18,2019-08-19 15:44:52,양수도완료,2019-08-19 15:45:00,37465049,,,80964,79047,106610,29,주식회사 남만
559,양도,7,17009375,0,0,2019-08-19 11:28:18,2019-08-19 15:44:54,양수도완료,2019-08-19 15:45:00,17009375,,,80966,79052,106637,29,주식회사 남만
561,양도,7,9269477,0,0,2019-08-19 11:28:18,2019-08-19 15:44:55,양수도완료,2019-08-19 15:45:00,9269477,,,80968,79054,106724,29,주식회사 남만
563,양도,7,18577313,0,0,2019-08-19 11:28:18,2019-08-19 15:44:55,양수도완료,2019-08-19 15:45:00,18577313,,,80970,79053,106774,29,주식회사 남만
565,양도,6,8730412,0,0,2019-08-19 11:28:18,2019-08-19 15:44:57,양수도완료,2019-08-19 15:45:00,8730412,,,80972,79056,106785,29,주식회사 남만
567,양도,6,1788284,0,0,2019-08-19 11:28:18,2019-08-19 15:44:57,양수도완료,2019-08-19 15:45:00,1788284,,,80974,79064,106834,29,주식회사 남만
569,양도,7,45997867,0,0,2019-08-19 11:28:18,2019-08-19 15:44:58,양수도완료,2019-08-19 15:45:00,45997867,,,80976,79070,106924,29,주식회사 남만
571,양도,6,38897076,0,0,2019-08-19 11:28:18,2019-08-19 15:44:59,양수도완료,2019-08-19 15:45:00,38897076,,,80978,79072,106952,29,주식회사 남만
573,양도,6,8176141,0,0,2019-08-19 11:28:18,2019-08-19 15:45:00,양수도완료,2019-08-19 15:45:00,8176141,,,80980,79074,106994,29,주식회사 남만
575,양도,6,14013318,0,0,2019-08-19 11:32:18,2019-08-19 15:44:35,양수도완료,2019-08-19 15:44:49,14013318,,,80932,79077,106995,30,주식회사 남만
577,양도,6,42383416,0,0,2019-08-19 11:32:18,2019-08-19 15:44:36,양수도완료,2019-08-19 15:44:49,42383416,,,80934,79095,107013,30,주식회사 남만
579,양도,6,15922649,0,0,2019-08-19 11:32:18,2019-08-19 15:44:37,양수도완료,2019-08-19 15:44:49,15922649,,,80936,79081,107030,30,주식회사 남만
581,양도,7,46179363,0,0,2019-08-19 11:32:18,2019-08-19 15:44:39,양수도완료,2019-08-19 15:44:49,46179363,,,80938,79079,107059,30,주식회사 남만
583,양도,6,9340207,0,0,2019-08-19 11:32:18,2019-08-19 15:44:40,양수도완료,2019-08-19 15:44:49,9340207,,,80940,79089,107076,30,주식회사 남만
585,양도,6,8963298,0,0,2019-08-19 11:32:18,2019-08-19 15:44:41,양수도완료,2019-08-19 15:44:49,8963298,,,80942,79090,107089,30,주식회사 남만
587,양도,6,23929152,0,0,2019-08-19 11:32:18,2019-08-19 15:44:42,양수도완료,2019-08-19 15:44:49,23929152,,,80944,79101,107175,30,주식회사 남만
589,양도,7,8624871,0,0,2019-08-19 11:32:18,2019-08-19 15:44:43,양수도완료,2019-08-19 15:44:49,8624871,,,80946,79100,107206,30,주식회사 남만
591,양도,7,42480835,0,0,2019-08-19 11:32:18,2019-08-19 15:44:44,양수도완료,2019-08-19 15:44:49,42480835,,,80948,79102,107218,30,주식회사 남만
593,양도,6,47092684,0,0,2019-08-19 11:32:18,2019-08-19 15:44:45,양수도완료,2019-08-19 15:44:49,47092684,,,80950,79108,107276,30,주식회사 남만
595,양도,6,13197428,0,0,2019-08-19 11:32:18,2019-08-19 15:44:47,양수도완료,2019-08-19 15:44:49,13197428,,,80952,79107,107290,30,주식회사 남만
597,양도,6,46831309,0,0,2019-08-19 11:32:18,2019-08-19 15:44:47,양수도완료,2019-08-19 15:44:49,46831309,,,80954,79111,107300,30,주식회사 남만
599,양도,6,30908664,0,0,2019-08-19 11:32:18,2019-08-19 15:44:48,양수도완료,2019-08-19 15:44:49,30908664,,,80956,79115,107319,30,주식회사 남만
988,양도,7,21261716,0,0,2019-08-21 14:43:47,2019-08-21 14:43:47,대기시간초과,,21261716,,,,79066,106906,70,주식회사 남만
1018,양도,7,17047925,0,0,2019-08-22 14:37:38,2019-08-22 16:43:40,양수도완료,2019-08-22 16:43:40,17047925,,,81439,79048,106519,78,주식회사 남만
1020,양도,7,25828703,0,0,2019-08-22 14:37:44,2019-08-22 16:43:39,양수도완료,2019-08-22 16:43:39,25828703,,,81438,79088,107074,79,주식회사 남만
1238,양도,7,14457964,0,0,2019-09-09 16:49:34,2019-09-09 16:49:34,대기시간초과,,14457964,,,,79116,107278,86,주식회사 남만
1240,양도,7,34440291,0,0,2019-09-09 16:49:34,2019-09-09 16:49:34,대기시간초과,,34440291,,,,79117,107374,86,주식회사 남만
1242,양도,7,44791378,0,0,2019-09-09 16:49:34,2019-09-09 16:49:34,대기시간초과,,44791378,,,,79123,107406,86,주식회사 남만
1244,양도,7,16752704,0,0,2019-09-09 16:49:34,2019-09-09 16:49:34,대기시간초과,,16752704,,,,79124,107418,86,주식회사 남만
1246,양도,7,26784032,0,0,2019-09-09 16:49:34,2019-09-09 16:49:34,대기시간초과,,26784032,,,,79128,107434,86,주식회사 남만
1248,양도,7,25703072,0,0,2019-09-09 16:49:34,2019-09-09 16:49:34,대기시간초과,,25703072,,,,79127,107446,86,주식회사 남만
1250,양도,7,46024983,0,0,2019-09-09 16:49:34,2019-09-09 16:49:34,대기시간초과,,46024983,,,,79140,107466,86,주식회사 남만
1252,양도,7,43310504,0,0,2019-09-09 16:49:34,2019-09-09 16:49:34,대기시간초과,,43310504,,,,79131,107497,86,주식회사 남만
1254,양도,7,27707623,0,0,2019-09-09 16:49:34,2019-09-09 16:49:34,대기시간초과,,27707623,,,,79133,107511,86,주식회사 남만
1256,양도,7,21385172,0,0,2019-09-09 16:49:34,2019-09-09 16:49:34,대기시간초과,,21385172,,,,79141,107516,86,주식회사 남만
1258,양도,7,25454817,0,0,2019-09-09 16:49:34,2019-09-09 16:49:34,대기시간초과,,25454817,,,,79136,107520,86,주식회사 남만
1260,양도,7,45192376,0,0,2019-09-09 16:49:34,2019-09-09 16:49:34,대기시간초과,,45192376,,,,79142,107589,86,주식회사 남만
1262,양도,7,23133784,0,0,2019-09-09 16:49:34,2019-09-09 16:49:34,대기시간초과,,23133784,,,,79148,107629,86,주식회사 남만
1264,양도,7,16568997,0,0,2019-09-09 16:49:34,2019-09-09 16:49:34,대기시간초과,,16568997,,,,79152,107701,86,주식회사 남만
1266,양도,6,29818550,0,0,2019-09-09 17:06:20,2019-09-09 17:06:20,대기시간초과,,29818550,,,,79156,107713,87,주식회사 남만
1268,양도,7,18471745,0,0,2019-09-09 17:06:20,2019-09-09 17:06:20,대기시간초과,,18471745,,,,79157,107766,87,주식회사 남만
1270,양도,6,17550548,0,0,2019-09-09 17:06:20,2019-09-09 17:06:20,대기시간초과,,17550548,,,,79160,107775,87,주식회사 남만
1272,양도,6,42348384,0,0,2019-09-09 17:06:20,2019-09-09 17:06:20,대기시간초과,,42348384,,,,79176,107811,87,주식회사 남만
1274,양도,7,12900594,0,0,2019-09-09 17:06:20,2019-09-09 17:06:20,대기시간초과,,12900594,,,,79165,107826,87,주식회사 남만
1276,양도,6,37704983,0,0,2019-09-09 17:06:20,2019-09-09 17:06:20,대기시간초과,,37704983,,,,79166,107837,87,주식회사 남만
1278,양도,6,46701030,0,0,2019-09-09 17:06:20,2019-09-09 17:06:20,대기시간초과,,46701030,,,,79179,107889,87,주식회사 남만
1280,양도,7,42838448,0,0,2019-09-09 17:06:21,2019-09-09 17:06:21,대기시간초과,,42838448,,,,79184,108029,87,주식회사 남만
1282,양도,6,5981504,0,0,2019-09-09 17:06:21,2019-09-09 17:06:21,대기시간초과,,5981504,,,,79175,108053,87,주식회사 남만
1284,양도,7,8473129,0,0,2019-09-09 17:06:21,2019-09-09 17:06:21,대기시간초과,,8473129,,,,79182,108079,87,주식회사 남만
1286,양도,6,46701030,0,0,2019-09-09 17:06:21,2019-09-09 17:06:21,대기시간초과,,46701030,,,,79185,108106,87,주식회사 남만
1288,양도,6,42105142,0,0,2019-09-09 17:06:21,2019-09-09 17:06:21,대기시간초과,,42105142,,,,79187,108179,87,주식회사 남만
1290,양도,7,37420620,0,0,2019-09-09 17:06:21,2019-09-09 17:06:21,대기시간초과,,37420620,,,,79192,108236,87,주식회사 남만
1292,양도,7,41561433,0,0,2019-09-09 17:06:21,2019-09-09 17:06:21,대기시간초과,,41561433,,,,79194,108288,87,주식회사 남만
1294,양도,7,14457964,0,0,2019-09-10 14:48:04,2019-09-10 14:48:04,대기시간초과,,14457964,,,,79116,107278,89,주식회사 남만
1296,양도,7,34440291,0,0,2019-09-10 14:48:04,2019-09-10 14:48:04,대기시간초과,,34440291,,,,79117,107374,89,주식회사 남만
1298,양도,7,44791378,0,0,2019-09-10 14:48:04,2019-09-10 14:48:04,대기시간초과,,44791378,,,,79123,107406,89,주식회사 남만
1300,양도,7,16752704,0,0,2019-09-10 14:48:04,2019-09-10 14:48:04,대기시간초과,,16752704,,,,79124,107418,89,주식회사 남만
1302,양도,7,26784032,0,0,2019-09-10 14:48:04,2019-09-10 14:48:04,대기시간초과,,26784032,,,,79128,107434,89,주식회사 남만
1304,양도,7,25703072,0,0,2019-09-10 14:48:04,2019-09-10 14:48:04,대기시간초과,,25703072,,,,79127,107446,89,주식회사 남만
1306,양도,7,46024983,0,0,2019-09-10 14:48:04,2019-09-10 14:48:04,대기시간초과,,46024983,,,,79140,107466,89,주식회사 남만
1308,양도,7,43310504,0,0,2019-09-10 14:48:04,2019-09-10 14:48:04,대기시간초과,,43310504,,,,79131,107497,89,주식회사 남만
1310,양도,7,27707623,0,0,2019-09-10 14:48:04,2019-09-10 14:48:04,대기시간초과,,27707623,,,,79133,107511,89,주식회사 남만
1312,양도,7,21385172,0,0,2019-09-10 14:48:04,2019-09-10 14:48:04,대기시간초과,,21385172,,,,79141,107516,89,주식회사 남만
1314,양도,7,25454817,0,0,2019-09-10 14:48:04,2019-09-10 14:48:04,대기시간초과,,25454817,,,,79136,107520,89,주식회사 남만
1316,양도,7,45192376,0,0,2019-09-10 14:48:04,2019-09-10 14:48:04,대기시간초과,,45192376,,,,79142,107589,89,주식회사 남만
1318,양도,7,23133784,0,0,2019-09-10 14:48:04,2019-09-10 14:48:04,대기시간초과,,23133784,,,,79148,107629,89,주식회사 남만
1320,양도,7,16568997,0,0,2019-09-10 14:48:04,2019-09-10 14:48:04,대기시간초과,,16568997,,,,79152,107701,89,주식회사 남만
1322,양도,6,29818550,0,0,2019-09-10 14:50:06,2019-09-10 17:21:34,양수도완료,2019-09-10 17:21:35,29818550,,,81815,79156,107713,90,주식회사 남만
1324,양도,7,18471745,0,0,2019-09-10 14:50:06,2019-09-10 17:21:34,양수도완료,2019-09-10 17:21:35,18471745,,,81817,79157,107766,90,주식회사 남만
1326,양도,6,28070098,0,0,2019-09-10 14:50:06,2019-09-10 17:21:34,양수도완료,2019-09-10 17:21:35,28070098,,,81819,79161,107782,90,주식회사 남만
1328,양도,6,42348384,0,0,2019-09-10 14:50:06,2019-09-10 17:21:34,양수도완료,2019-09-10 17:21:35,42348384,,,81821,79176,107811,90,주식회사 남만
1330,양도,7,12900594,0,0,2019-09-10 14:50:06,2019-09-10 17:21:34,양수도완료,2019-09-10 17:21:35,12900594,,,81823,79165,107826,90,주식회사 남만
1332,양도,6,37704983,0,0,2019-09-10 14:50:06,2019-09-10 17:21:34,양수도완료,2019-09-10 17:21:35,37704983,,,81825,79166,107837,90,주식회사 남만
1334,양도,6,46701030,0,0,2019-09-10 14:50:06,2019-09-10 17:21:34,양수도완료,2019-09-10 17:21:35,46701030,,,81827,79179,107889,90,주식회사 남만
1336,양도,7,42838448,0,0,2019-09-10 14:50:06,2019-09-10 17:21:34,양수도완료,2019-09-10 17:21:35,42838448,,,81829,79184,108029,90,주식회사 남만
1338,양도,6,5981504,0,0,2019-09-10 14:50:06,2019-09-10 17:21:34,양수도완료,2019-09-10 17:21:35,5981504,,,81831,79175,108053,90,주식회사 남만
1340,양도,7,8473129,0,0,2019-09-10 14:50:06,2019-09-10 17:21:35,양수도완료,2019-09-10 17:21:35,8473129,,,81833,79182,108079,90,주식회사 남만
1342,양도,6,4835439,0,0,2019-09-10 14:50:06,2019-09-10 17:21:35,양수도완료,2019-09-10 17:21:35,4835439,,,81835,79186,108135,90,주식회사 남만
1344,양도,6,28278734,0,0,2019-09-10 14:50:06,2019-09-10 17:21:35,양수도완료,2019-09-10 17:21:35,28278734,,,81837,79190,108190,90,주식회사 남만
1346,양도,6,17808019,0,0,2019-09-10 14:50:06,2019-09-10 17:21:35,양수도완료,2019-09-10 17:21:35,17808019,,,81839,79193,108250,90,주식회사 남만
1374,양도,10,25476842,0,0,2019-09-10 16:15:47,2019-09-10 17:21:32,양수도완료,2019-09-10 17:21:32,25476842,,,81814,78815,102660,92,주식회사 남만
1376,양도,9,45141940,0,0,2019-09-18 11:06:06,2019-09-18 11:06:06,대기시간초과,,45141940,,,,78915,104579,93,주식회사 남만
1378,양도,9,13762115,0,0,2019-09-18 11:06:07,2019-09-18 11:06:07,대기시간초과,,13762115,,,,78919,104607,93,주식회사 남만
1380,양도,9,39755773,0,0,2019-09-18 11:06:07,2019-09-18 11:06:07,대기시간초과,,39755773,,,,78918,104623,93,주식회사 남만
1382,양도,9,44656281,0,0,2019-09-18 11:06:07,2019-09-18 11:06:07,대기시간초과,,44656281,,,,78924,104716,93,주식회사 남만
1384,양도,8,41246265,0,0,2019-09-18 11:06:07,2019-09-18 11:06:07,대기시간초과,,41246265,,,,78927,104847,93,주식회사 남만
1386,양도,9,43840971,0,0,2019-09-18 11:06:07,2019-09-18 11:06:07,대기시간초과,,43840971,,,,78930,104892,93,주식회사 남만
1388,양도,9,34150046,0,0,2019-09-18 11:06:07,2019-09-18 11:06:07,대기시간초과,,34150046,,,,78932,104922,93,주식회사 남만
1390,양도,9,43354432,0,0,2019-09-18 11:06:07,2019-09-18 11:06:07,대기시간초과,,43354432,,,,78933,104931,93,주식회사 남만
1392,양도,9,8062684,0,0,2019-09-18 11:06:07,2019-09-18 11:06:07,대기시간초과,,8062684,,,,78937,104994,93,주식회사 남만
1394,양도,9,24357443,0,0,2019-09-18 11:06:07,2019-09-18 11:06:07,대기시간초과,,24357443,,,,78946,105047,93,주식회사 남만
1396,양도,9,24897362,0,0,2019-09-18 11:06:07,2019-09-18 11:06:07,대기시간초과,,24897362,,,,78941,105133,93,주식회사 남만
1398,양도,9,16167364,0,0,2019-09-18 11:06:07,2019-09-18 11:06:07,대기시간초과,,16167364,,,,78949,105201,93,주식회사 남만
1400,양도,9,38924198,0,0,2019-09-18 11:06:07,2019-09-18 11:06:07,대기시간초과,,38924198,,,,78952,105227,93,주식회사 남만
1402,양도,9,3431042,0,0,2019-09-18 11:06:07,2019-09-18 11:06:07,대기시간초과,,3431042,,,,78951,105298,93,주식회사 남만
1404,양도,9,45141940,0,0,2019-09-18 11:06:29,2019-09-18 11:06:29,대기시간초과,,45141940,,,,78915,104579,94,주식회사 남만
1406,양도,9,13762115,0,0,2019-09-18 11:06:29,2019-09-18 11:06:29,대기시간초과,,13762115,,,,78919,104607,94,주식회사 남만
1408,양도,9,39755773,0,0,2019-09-18 11:06:29,2019-09-18 11:06:29,대기시간초과,,39755773,,,,78918,104623,94,주식회사 남만
1410,양도,9,44656281,0,0,2019-09-18 11:06:29,2019-09-18 11:06:29,대기시간초과,,44656281,,,,78924,104716,94,주식회사 남만
1412,양도,8,41246265,0,0,2019-09-18 11:06:29,2019-09-18 11:06:29,대기시간초과,,41246265,,,,78927,104847,94,주식회사 남만
1414,양도,9,43840971,0,0,2019-09-18 11:06:29,2019-09-18 11:06:29,대기시간초과,,43840971,,,,78930,104892,94,주식회사 남만
1416,양도,9,34150046,0,0,2019-09-18 11:06:29,2019-09-18 11:06:29,대기시간초과,,34150046,,,,78932,104922,94,주식회사 남만
1418,양도,9,43354432,0,0,2019-09-18 11:06:29,2019-09-18 11:06:29,대기시간초과,,43354432,,,,78933,104931,94,주식회사 남만
1420,양도,9,8062684,0,0,2019-09-18 11:06:29,2019-09-18 11:06:29,대기시간초과,,8062684,,,,78937,104994,94,주식회사 남만
1422,양도,9,24357443,0,0,2019-09-18 11:06:29,2019-09-18 11:06:29,대기시간초과,,24357443,,,,78946,105047,94,주식회사 남만
1424,양도,9,24897362,0,0,2019-09-18 11:06:29,2019-09-18 11:06:29,대기시간초과,,24897362,,,,78941,105133,94,주식회사 남만
1426,양도,9,16167364,0,0,2019-09-18 11:06:29,2019-09-18 11:06:29,대기시간초과,,16167364,,,,78949,105201,94,주식회사 남만
1428,양도,9,38924198,0,0,2019-09-18 11:06:29,2019-09-18 11:06:29,대기시간초과,,38924198,,,,78952,105227,94,주식회사 남만
1430,양도,9,3431042,0,0,2019-09-18 11:06:29,2019-09-18 11:06:29,대기시간초과,,3431042,,,,78951,105298,94,주식회사 남만
1432,양도,9,45141940,0,0,2019-09-18 11:07:54,2019-09-18 15:16:32,양수도완료,2019-09-18 15:16:33,45141940,,,81883,78915,104579,95,주식회사 남만
1434,양도,9,13762115,0,0,2019-09-18 11:07:54,2019-09-18 15:16:32,양수도완료,2019-09-18 15:16:33,13762115,,,81885,78919,104607,95,주식회사 남만
1436,양도,9,39755773,0,0,2019-09-18 11:07:54,2019-09-18 15:16:32,양수도완료,2019-09-18 15:16:33,39755773,,,81887,78918,104623,95,주식회사 남만
1438,양도,9,44656281,0,0,2019-09-18 11:07:54,2019-09-18 15:16:32,양수도완료,2019-09-18 15:16:33,44656281,,,81889,78924,104716,95,주식회사 남만
1440,양도,8,41246265,0,0,2019-09-18 11:07:54,2019-09-18 15:16:33,양수도완료,2019-09-18 15:16:33,41246265,,,81891,78927,104847,95,주식회사 남만
1442,양도,9,43840971,0,0,2019-09-18 11:07:54,2019-09-18 15:16:33,양수도완료,2019-09-18 15:16:33,43840971,,,81893,78930,104892,95,주식회사 남만
1444,양도,9,34150046,0,0,2019-09-18 11:07:54,2019-09-18 15:16:33,양수도완료,2019-09-18 15:16:33,34150046,,,81895,78932,104922,95,주식회사 남만
1446,양도,9,43354432,0,0,2019-09-18 11:07:54,2019-09-18 15:16:33,양수도완료,2019-09-18 15:16:33,43354432,,,81897,78933,104931,95,주식회사 남만
1448,양도,9,8062684,0,0,2019-09-18 11:07:54,2019-09-18 15:16:33,양수도완료,2019-09-18 15:16:33,8062684,,,81899,78937,104994,95,주식회사 남만
1450,양도,9,24357443,0,0,2019-09-18 11:07:54,2019-09-18 15:16:33,양수도완료,2019-09-18 15:16:33,24357443,,,81901,78946,105047,95,주식회사 남만
1452,양도,9,24897362,0,0,2019-09-18 11:07:54,2019-09-18 15:16:33,양수도완료,2019-09-18 15:16:33,24897362,,,81903,78941,105133,95,주식회사 남만
1454,양도,9,16167364,0,0,2019-09-18 11:07:54,2019-09-18 15:16:33,양수도완료,2019-09-18 15:16:33,16167364,,,81905,78949,105201,95,주식회사 남만
1456,양도,9,38924198,0,0,2019-09-18 11:07:54,2019-09-18 15:16:33,양수도완료,2019-09-18 15:16:33,38924198,,,81907,78952,105227,95,주식회사 남만
1458,양도,9,3431042,0,0,2019-09-18 11:07:54,2019-09-18 15:16:33,양수도완료,2019-09-18 15:16:33,3431042,,,81909,78951,105298,95,주식회사 남만
1460,양도,8,45455918,0,0,2019-09-18 11:08:45,2019-09-18 15:16:32,양수도완료,2019-09-18 15:16:32,45455918,,,81855,78955,105292,96,주식회사 남만
1462,양도,8,26319817,0,0,2019-09-18 11:08:45,2019-09-18 15:16:32,양수도완료,2019-09-18 15:16:32,26319817,,,81857,78961,105316,96,주식회사 남만
1464,양도,8,2166992,0,0,2019-09-18 11:08:45,2019-09-18 15:16:32,양수도완료,2019-09-18 15:16:32,2166992,,,81859,78958,105342,96,주식회사 남만
1466,양도,8,41113237,0,0,2019-09-18 11:08:45,2019-09-18 15:16:32,양수도완료,2019-09-18 15:16:32,41113237,,,81861,78971,105449,96,주식회사 남만
1468,양도,8,12469429,0,0,2019-09-18 11:08:45,2019-09-18 15:16:32,양수도완료,2019-09-18 15:16:32,12469429,,,81863,78964,105466,96,주식회사 남만
1470,양도,8,8489445,0,0,2019-09-18 11:08:45,2019-09-18 15:16:32,양수도완료,2019-09-18 15:16:32,8489445,,,81865,78970,105540,96,주식회사 남만
1472,양도,8,15074535,0,0,2019-09-18 11:08:45,2019-09-18 15:16:32,양수도완료,2019-09-18 15:16:32,15074535,,,81867,78969,105547,96,주식회사 남만
1474,양도,8,7346938,0,0,2019-09-18 11:08:45,2019-09-18 15:16:32,양수도완료,2019-09-18 15:16:32,7346938,,,81869,78972,105577,96,주식회사 남만
1476,양도,8,44409920,0,0,2019-09-18 11:08:45,2019-09-18 15:16:32,양수도완료,2019-09-18 15:16:32,44409920,,,81871,78988,105604,96,주식회사 남만
1478,양도,8,33431374,0,0,2019-09-18 11:08:45,2019-09-18 15:16:32,양수도완료,2019-09-18 15:16:32,33431374,,,81873,78974,105629,96,주식회사 남만
1480,양도,9,21581077,0,0,2019-09-18 11:08:45,2019-09-18 15:16:32,양수도완료,2019-09-18 15:16:32,21581077,,,81875,78977,105648,96,주식회사 남만
1482,양도,8,30502815,0,0,2019-09-18 11:08:45,2019-09-18 15:16:32,양수도완료,2019-09-18 15:16:32,30502815,,,81877,78987,105701,96,주식회사 남만
1484,양도,8,29950936,0,0,2019-09-18 11:08:45,2019-09-18 15:16:32,양수도완료,2019-09-18 15:16:32,29950936,,,81879,78985,105719,96,주식회사 남만
1486,양도,8,429190,0,0,2019-09-18 11:08:45,2019-09-18 15:16:32,양수도완료,2019-09-18 15:16:32,429190,,,81882,78993,105840,96,주식회사 남만
1488,양도,7,16115086,0,0,2019-09-18 17:41:13,2019-09-18 17:43:45,양수도완료,2019-09-18 17:43:46,16115086,,,81911,79122,107366,97,주식회사 남만
1490,양도,7,6905780,0,0,2019-09-18 17:41:13,2019-09-18 17:43:45,양수도완료,2019-09-18 17:43:46,6905780,,,81913,79132,107396,97,주식회사 남만
1492,양도,7,34331153,0,0,2019-09-18 17:41:13,2019-09-18 17:43:45,양수도완료,2019-09-18 17:43:46,34331153,,,81915,79125,107416,97,주식회사 남만
1494,양도,7,18449073,0,0,2019-09-18 17:41:13,2019-09-18 17:43:45,양수도완료,2019-09-18 17:43:46,18449073,,,81917,79121,107425,97,주식회사 남만
1496,양도,7,24906250,0,0,2019-09-18 17:41:13,2019-09-18 17:43:45,양수도완료,2019-09-18 17:43:46,24906250,,,81919,79129,107437,97,주식회사 남만
1498,양도,7,45030488,0,0,2019-09-18 17:41:13,2019-09-18 17:43:45,양수도완료,2019-09-18 17:43:46,45030488,,,81921,79130,107447,97,주식회사 남만
1500,양도,7,11554268,0,0,2019-09-18 17:41:13,2019-09-18 17:43:45,양수도완료,2019-09-18 17:43:46,11554268,,,81923,79137,107484,97,주식회사 남만
1502,양도,7,41840552,0,0,2019-09-18 17:41:13,2019-09-18 17:43:45,양수도완료,2019-09-18 17:43:46,41840552,,,81925,79153,107503,97,주식회사 남만
1504,양도,7,44636307,0,0,2019-09-18 17:41:13,2019-09-18 17:43:45,양수도완료,2019-09-18 17:43:46,44636307,,,81927,79134,107513,97,주식회사 남만
1506,양도,7,25454817,0,0,2019-09-18 17:41:13,2019-09-18 17:43:45,양수도완료,2019-09-18 17:43:46,25454817,,,81929,79136,107520,97,주식회사 남만
1508,양도,7,45192376,0,0,2019-09-18 17:41:13,2019-09-18 17:43:45,양수도완료,2019-09-18 17:43:46,45192376,,,81931,79142,107589,97,주식회사 남만
1510,양도,7,23133784,0,0,2019-09-18 17:41:13,2019-09-18 17:43:46,양수도완료,2019-09-18 17:43:46,23133784,,,81933,79148,107629,97,주식회사 남만
1403,양도,9,44856800,0,0,2019-09-18 11:06:29,2019-09-18 11:06:29,대기시간초과,,44856800,,,,78913,104548,94,주식회사 남만
1405,양도,9,20963110,0,0,2019-09-18 11:06:29,2019-09-18 11:06:29,대기시간초과,,20963110,,,,78914,104593,94,주식회사 남만
1407,양도,9,44856800,0,0,2019-09-18 11:06:29,2019-09-18 11:06:29,대기시간초과,,44856800,,,,78916,104615,94,주식회사 남만
1409,양도,9,6837868,0,0,2019-09-18 11:06:29,2019-09-18 11:06:29,대기시간초과,,6837868,,,,78920,104640,94,주식회사 남만
1411,양도,9,8112560,0,0,2019-09-18 11:06:29,2019-09-18 11:06:29,대기시간초과,,8112560,,,,78925,104765,94,주식회사 남만
1413,양도,9,10421934,0,0,2019-09-18 11:06:29,2019-09-18 11:06:29,대기시간초과,,10421934,,,,78929,104891,94,주식회사 남만
1415,양도,9,6915821,0,0,2019-09-18 11:06:29,2019-09-18 11:06:29,대기시간초과,,6915821,,,,78935,104895,94,주식회사 남만
1417,양도,9,42898510,0,0,2019-09-18 11:06:29,2019-09-18 11:06:29,대기시간초과,,42898510,,,,78936,104924,94,주식회사 남만
1419,양도,9,8048286,0,0,2019-09-18 11:06:29,2019-09-18 11:06:29,대기시간초과,,8048286,,,,78934,104978,94,주식회사 남만
1421,양도,9,9675223,0,0,2019-09-18 11:06:29,2019-09-18 11:06:29,대기시간초과,,9675223,,,,78947,105000,94,주식회사 남만
1423,양도,9,9029403,0,0,2019-09-18 11:06:29,2019-09-18 11:06:29,대기시간초과,,9029403,,,,78938,105126,94,주식회사 남만
1425,양도,8,6716897,0,0,2019-09-18 11:06:29,2019-09-18 11:06:29,대기시간초과,,6716897,,,,78942,105143,94,주식회사 남만
1427,양도,9,13571426,0,0,2019-09-18 11:06:29,2019-09-18 11:06:29,대기시간초과,,13571426,,,,78950,105225,94,주식회사 남만
1429,양도,9,25919365,0,0,2019-09-18 11:06:29,2019-09-18 11:06:29,대기시간초과,,25919365,,,,78948,105235,94,주식회사 남만
1431,양도,9,44856800,0,0,2019-09-18 11:07:54,2019-09-18 15:16:32,양수도완료,2019-09-18 15:16:33,44856800,,,81880,78913,104548,95,주식회사 남만
1433,양도,9,20963110,0,0,2019-09-18 11:07:54,2019-09-18 15:16:32,양수도완료,2019-09-18 15:16:33,20963110,,,81884,78914,104593,95,주식회사 남만
1435,양도,9,44856800,0,0,2019-09-18 11:07:54,2019-09-18 15:16:32,양수도완료,2019-09-18 15:16:33,44856800,,,81886,78916,104615,95,주식회사 남만
1437,양도,9,6837868,0,0,2019-09-18 11:07:54,2019-09-18 15:16:32,양수도완료,2019-09-18 15:16:33,6837868,,,81888,78920,104640,95,주식회사 남만
1439,양도,9,8112560,0,0,2019-09-18 11:07:54,2019-09-18 15:16:33,양수도완료,2019-09-18 15:16:33,8112560,,,81890,78925,104765,95,주식회사 남만
1441,양도,9,10421934,0,0,2019-09-18 11:07:54,2019-09-18 15:16:33,양수도완료,2019-09-18 15:16:33,10421934,,,81892,78929,104891,95,주식회사 남만
1443,양도,9,6915821,0,0,2019-09-18 11:07:54,2019-09-18 15:16:33,양수도완료,2019-09-18 15:16:33,6915821,,,81894,78935,104895,95,주식회사 남만
1445,양도,9,42898510,0,0,2019-09-18 11:07:54,2019-09-18 15:16:33,양수도완료,2019-09-18 15:16:33,42898510,,,81896,78936,104924,95,주식회사 남만
1447,양도,9,8048286,0,0,2019-09-18 11:07:54,2019-09-18 15:16:33,양수도완료,2019-09-18 15:16:33,8048286,,,81898,78934,104978,95,주식회사 남만
1449,양도,9,9675223,0,0,2019-09-18 11:07:54,2019-09-18 15:16:33,양수도완료,2019-09-18 15:16:33,9675223,,,81900,78947,105000,95,주식회사 남만
1451,양도,9,9029403,0,0,2019-09-18 11:07:54,2019-09-18 15:16:33,양수도완료,2019-09-18 15:16:33,9029403,,,81902,78938,105126,95,주식회사 남만
1453,양도,8,6716897,0,0,2019-09-18 11:07:54,2019-09-18 15:16:33,양수도완료,2019-09-18 15:16:33,6716897,,,81904,78942,105143,95,주식회사 남만
1455,양도,9,13571426,0,0,2019-09-18 11:07:54,2019-09-18 15:16:33,양수도완료,2019-09-18 15:16:33,13571426,,,81906,78950,105225,95,주식회사 남만
1457,양도,9,25919365,0,0,2019-09-18 11:07:54,2019-09-18 15:16:33,양수도완료,2019-09-18 15:16:33,25919365,,,81908,78948,105235,95,주식회사 남만
1459,양도,8,45878869,0,0,2019-09-18 11:08:45,2019-09-18 15:16:32,양수도완료,2019-09-18 15:16:32,45878869,,,81854,78953,105191,96,주식회사 남만
1461,양도,8,45343415,0,0,2019-09-18 11:08:45,2019-09-18 15:16:32,양수도완료,2019-09-18 15:16:32,45343415,,,81856,78957,105296,96,주식회사 남만
1463,양도,8,6559633,0,0,2019-09-18 11:08:45,2019-09-18 15:16:32,양수도완료,2019-09-18 15:16:32,6559633,,,81858,78965,105330,96,주식회사 남만
1465,양도,8,3638268,0,0,2019-09-18 11:08:45,2019-09-18 15:16:32,양수도완료,2019-09-18 15:16:32,3638268,,,81860,78963,105430,96,주식회사 남만
1467,양도,8,10042610,0,0,2019-09-18 11:08:45,2019-09-18 15:16:32,양수도완료,2019-09-18 15:16:32,10042610,,,81862,78962,105460,96,주식회사 남만
1469,양도,8,24899950,0,0,2019-09-18 11:08:45,2019-09-18 15:16:32,양수도완료,2019-09-18 15:16:32,24899950,,,81864,78968,105536,96,주식회사 남만
1471,양도,8,2202554,0,0,2019-09-18 11:08:45,2019-09-18 15:16:32,양수도완료,2019-09-18 15:16:32,2202554,,,81866,78975,105546,96,주식회사 남만
1473,양도,8,33554127,0,0,2019-09-18 11:08:45,2019-09-18 15:16:32,양수도완료,2019-09-18 15:16:32,33554127,,,81868,78991,105554,96,주식회사 남만
1475,양도,8,39591521,0,0,2019-09-18 11:08:45,2019-09-18 15:16:32,양수도완료,2019-09-18 15:16:32,39591521,,,81870,78983,105580,96,주식회사 남만
1477,양도,9,44856800,0,0,2019-09-18 11:08:45,2019-09-18 15:16:32,양수도완료,2019-09-18 15:16:32,44856800,,,81872,78982,105618,96,주식회사 남만
1479,양도,8,3641056,0,0,2019-09-18 11:08:45,2019-09-18 15:16:32,양수도완료,2019-09-18 15:16:32,3641056,,,81874,78976,105638,96,주식회사 남만
1481,양도,8,22144085,0,0,2019-09-18 11:08:45,2019-09-18 15:16:32,양수도완료,2019-09-18 15:16:32,22144085,,,81876,78980,105659,96,주식회사 남만
1483,양도,9,16072481,0,0,2019-09-18 11:08:45,2019-09-18 15:16:32,양수도완료,2019-09-18 15:16:32,16072481,,,81878,78981,105704,96,주식회사 남만
1485,양도,9,12926464,0,0,2019-09-18 11:08:45,2019-09-18 15:16:32,양수도완료,2019-09-18 15:16:32,12926464,,,81881,78989,105823,96,주식회사 남만
1487,양도,7,14457964,0,0,2019-09-18 17:41:13,2019-09-18 17:43:45,양수도완료,2019-09-18 17:43:46,14457964,,,81910,79116,107278,97,주식회사 남만
1489,양도,7,34440291,0,0,2019-09-18 17:41:13,2019-09-18 17:43:45,양수도완료,2019-09-18 17:43:46,34440291,,,81912,79117,107374,97,주식회사 남만
1491,양도,7,44791378,0,0,2019-09-18 17:41:13,2019-09-18 17:43:45,양수도완료,2019-09-18 17:43:46,44791378,,,81914,79123,107406,97,주식회사 남만
1493,양도,7,16752704,0,0,2019-09-18 17:41:13,2019-09-18 17:43:45,양수도완료,2019-09-18 17:43:46,16752704,,,81916,79124,107418,97,주식회사 남만
1495,양도,8,26402305,0,0,2019-09-18 17:41:13,2019-09-18 17:43:45,양수도완료,2019-09-18 17:43:46,26402305,,,81918,79128,107434,97,주식회사 남만
1497,양도,7,25703072,0,0,2019-09-18 17:41:13,2019-09-18 17:43:45,양수도완료,2019-09-18 17:43:46,25703072,,,81920,79127,107446,97,주식회사 남만
1499,양도,7,46024983,0,0,2019-09-18 17:41:13,2019-09-18 17:43:45,양수도완료,2019-09-18 17:43:46,46024983,,,81922,79140,107466,97,주식회사 남만
1501,양도,7,43310504,0,0,2019-09-18 17:41:13,2019-09-18 17:43:45,양수도완료,2019-09-18 17:43:46,43310504,,,81924,79131,107497,97,주식회사 남만
1503,양도,7,27707623,0,0,2019-09-18 17:41:13,2019-09-18 17:43:45,양수도완료,2019-09-18 17:43:46,27707623,,,81926,79133,107511,97,주식회사 남만
1505,양도,7,22460246,0,0,2019-09-18 17:41:13,2019-09-18 17:43:45,양수도완료,2019-09-18 17:43:46,22460246,,,81928,79139,107517,97,주식회사 남만
1507,양도,7,13572012,0,0,2019-09-18 17:41:13,2019-09-18 17:43:45,양수도완료,2019-09-18 17:43:46,13572012,,,81930,79143,107583,97,주식회사 남만
1509,양도,7,45939326,0,0,2019-09-18 17:41:13,2019-09-18 17:43:45,양수도완료,2019-09-18 17:43:46,45939326,,,81932,79146,107590,97,주식회사 남만
1511,양도,7,17072044,0,0,2019-09-18 17:41:13,2019-09-18 17:43:46,양수도완료,2019-09-18 17:43:46,17072044,,,81934,79151,107648,97,주식회사 남만
1512,양도,7,16568997,0,0,2019-09-18 17:41:13,2019-09-18 17:43:46,양수도완료,2019-09-18 17:43:46,16568997,,,81935,79152,107701,97,주식회사 남만
1614,양도,8,21104281,0,0,2019-09-23 14:24:24,2019-09-23 17:18:23,양수도완료,2019-09-23 17:18:23,21104281,,,82049,79141,107516,101,주식회사 남만
1616,양도,7,46024983,0,0,2019-09-23 15:22:59,2019-09-23 17:18:22,양수도완료,2019-09-23 17:18:22,46024983,,,82048,79185,108106,102,주식회사 남만
1513,양도,7,46398429,0,0,2019-09-18 17:41:13,2019-09-18 17:43:46,양수도완료,2019-09-18 17:43:46,46398429,,,81936,79154,107760,97,주식회사 남만
1615,양도,7,17048937,0,0,2019-09-23 15:22:59,2019-09-23 17:18:22,양수도완료,2019-09-23 17:18:22,17048937,,,82047,79160,107775,102,주식회사 남만
